Administrative,Administrative_Duration,Informational,Informational_Duration,ProductRelated,ProductRelated_Duration,BounceRates,ExitRates,PageValues,SpecialDay,Month,OperatingSystems,Browser,Region,TrafficType,Weekend,VisitorType_New_Visitor,VisitorType_Returning_Visitor
4.0,68.4,0.0,0.0,14.0,337.5333333,0.0,0.023529412,0.0,0.0,8.0,2.0,2.0,7.0,2.0,0.0,1.0,0.0
0.0,0.0,0.0,0.0,12.0,259.5,0.008333333,0.033333333,0.0,0.0,5.0,2.0,4.0,6.0,6.0,0.0,0.0,1.0
10.0,262.0,0.0,0.0,22.0,623.4166667,0.018518519,0.04526749,0.0,0.2,5.0,3.0,2.0,1.0,2.0,0.0,0.0,1.0
13.0,340.5916667,0.0,0.0,43.0,863.3468254,0.0,0.006730769,40.01028435,0.0,11.0,2.0,2.0,4.0,1.0,0.0,0.0,1.0
0.0,0.0,0.0,0.0,2.0,13.0,0.0,0.1,0.0,0.0,12.0,1.0,1.0,3.0,2.0,1.0,0.0,1.0
1.0,7.0,1.0,97.0,53.0,2247.608298,0.004848485,0.016751935,32.68969091,0.0,5.0,1.0,1.0,3.0,4.0,0.0,0.0,1.0
8.0,235.1861702,2.0,138.5,71.0,2512.51742,0.006349206,0.025572609,0.0,0.0,11.0,3.0,2.0,1.0,2.0,1.0,0.0,1.0
1.0,17.6,0.0,0.0,12.0,1192.866667,0.0,0.019230769,0.0,0.0,9.0,2.0,2.0,1.0,3.0,0.0,0.0,1.0
1.0,9.0,0.0,0.0,11.0,467.0,0.0,0.02,79.182,0.0,5.0,2.0,4.0,1.0,1.0,0.0,0.0,1.0
0.0,0.0,0.0,0.0,18.0,491.75,0.0,0.027777778,0.0,0.0,12.0,2.0,2.0,6.0,11.0,0.0,1.0,0.0
1.0,114.8,0.0,0.0,10.0,951.4333333,0.0,0.018181818,0.0,0.0,9.0,3.0,2.0,6.0,1.0,0.0,0.0,1.0
1.0,70.5,0.0,0.0,28.0,1398.9375,0.014285714,0.016269841,17.46396119,0.0,11.0,3.0,2.0,3.0,1.0,0.0,0.0,1.0
2.0,1687.5,0.0,0.0,29.0,3098.033333,0.0,0.025806452,0.0,0.0,5.0,2.0,4.0,5.0,3.0,0.0,0.0,1.0
7.0,78.3,5.0,120.0,87.0,1363.263492,0.004301075,0.008090118,30.80927957,0.6,5.0,2.0,2.0,3.0,2.0,0.0,0.0,1.0
5.0,100.6,3.0,216.6,6.0,432.0,0.0,0.024242424,0.0,0.0,9.0,1.0,1.0,1.0,5.0,0.0,1.0,0.0
0.0,0.0,0.0,0.0,33.0,1246.708333,0.03030303,0.056986532,0.0,0.0,12.0,3.0,2.0,1.0,2.0,0.0,0.0,1.0
8.0,289.0,0.0,0.0,139.0,5107.034928,0.01544437,0.044005026,8.304903935,0.0,8.0,2.0,2.0,2.0,1.0,0.0,0.0,1.0
0.0,0.0,0.0,0.0,7.0,1749.0,0.047619048,0.104761905,0.0,0.0,12.0,2.0,2.0,1.0,2.0,0.0,0.0,1.0
0.0,0.0,0.0,0.0,6.0,202.0,0.033333333,0.05,0.0,0.4,5.0,2.0,2.0,6.0,4.0,0.0,0.0,1.0
0.0,0.0,1.0,56.4,14.0,103.7579088,0.0,0.026666667,45.92878029,0.0,11.0,2.0,2.0,2.0,20.0,0.0,0.0,1.0
0.0,0.0,2.0,15.0,93.0,3646.278788,0.017204301,0.023117504,0.0,0.0,5.0,1.0,1.0,5.0,4.0,0.0,0.0,1.0
1.0,80.6,0.0,0.0,21.0,479.5857143,0.005,0.010555556,10.89761784,0.0,10.0,1.0,1.0,3.0,2.0,1.0,0.0,1.0
3.0,21.5,2.0,70.875,28.0,1338.225,0.007070707,0.032525253,0.0,0.0,12.0,1.0,1.0,2.0,3.0,0.0,0.0,1.0
5.0,75.89285714,0.0,0.0,51.0,4522.409524,0.015757576,0.042922078,3.229518182,1.0,5.0,2.0,2.0,6.0,2.0,1.0,0.0,1.0
1.0,54.5,0.0,0.0,26.0,531.5,0.007692308,0.023076923,44.92362122,0.0,11.0,2.0,2.0,3.0,2.0,0.0,0.0,1.0
0.0,0.0,0.0,0.0,2.0,17.0,0.0,0.1,0.0,0.0,12.0,2.0,2.0,1.0,10.0,0.0,0.0,1.0
2.0,55.4,0.0,0.0,25.0,402.75,0.015384615,0.034065934,0.0,0.0,7.0,3.0,2.0,5.0,1.0,0.0,0.0,1.0
0.0,0.0,0.0,0.0,19.0,621.7266667,0.010526316,0.024035088,0.0,0.0,7.0,1.0,1.0,1.0,2.0,0.0,0.0,1.0
0.0,0.0,0.0,0.0,20.0,1606.333333,0.01,0.034761905,0.0,0.0,3.0,2.0,2.0,2.0,1.0,0.0,0.0,1.0
0.0,0.0,0.0,0.0,4.0,157.5,0.0,0.05,0.0,0.0,11.0,2.0,4.0,9.0,2.0,0.0,0.0,1.0
0.0,0.0,0.0,0.0,3.0,31.2,0.066666667,0.133333333,0.0,0.0,6.0,3.0,2.0,1.0,1.0,0.0,0.0,1.0
6.0,77.0,0.0,0.0,42.0,3436.066667,0.000757576,0.019480519,0.0,0.0,5.0,2.0,2.0,3.0,4.0,0.0,0.0,1.0
5.0,109.6,1.0,3.0,29.0,1980.266667,0.006060606,0.026262626,0.0,0.0,7.0,2.0,2.0,1.0,4.0,0.0,0.0,1.0
3.0,167.0,0.0,0.0,42.0,1246.12,0.0,0.008888889,0.0,0.0,8.0,2.0,4.0,1.0,3.0,0.0,0.0,1.0
0.0,0.0,2.0,172.0,32.0,1227.047222,0.005882353,0.015787285,6.380862745,0.0,5.0,2.0,2.0,1.0,6.0,0.0,0.0,1.0
0.0,0.0,0.0,0.0,2.0,4.0,0.0,0.1,0.0,0.0,11.0,2.0,2.0,2.0,2.0,0.0,0.0,1.0
1.0,12.0,0.0,0.0,13.0,2004.5,0.028571429,0.04047619,0.0,0.0,3.0,1.0,1.0,6.0,2.0,1.0,0.0,1.0
10.0,80.06666667,1.0,812.0,113.0,3282.583983,0.007377049,0.016691039,45.55270796,0.0,8.0,2.0,2.0,3.0,1.0,0.0,0.0,1.0
0.0,0.0,0.0,0.0,68.0,1806.166667,0.004411765,0.027941176,0.0,0.0,11.0,2.0,2.0,2.0,13.0,1.0,0.0,1.0
0.0,0.0,0.0,0.0,34.0,1070.098072,0.018627451,0.027103099,0.0,0.0,7.0,3.0,2.0,7.0,1.0,0.0,0.0,1.0
0.0,0.0,0.0,0.0,2.0,70.5,0.0,0.05,0.0,0.0,12.0,3.0,2.0,7.0,2.0,0.0,0.0,0.0
1.0,42.0,0.0,0.0,10.0,1057.0,0.022222222,0.014814815,0.0,0.0,5.0,3.0,2.0,8.0,15.0,1.0,1.0,0.0
0.0,0.0,0.0,0.0,2.0,15.0,0.0,0.1,0.0,0.0,12.0,2.0,2.0,9.0,1.0,0.0,0.0,1.0
0.0,0.0,0.0,0.0,30.0,946.5952381,0.013333333,0.031333333,0.0,0.0,11.0,2.0,2.0,1.0,2.0,0.0,0.0,1.0
5.0,44.75,3.0,51.5,107.0,3074.852778,0.015454545,0.026239965,0.0,0.0,11.0,2.0,2.0,3.0,1.0,1.0,0.0,1.0
4.0,94.86666667,0.0,0.0,22.0,812.1357143,0.008333333,0.042708333,18.08644865,0.0,7.0,3.0,2.0,2.0,4.0,0.0,0.0,1.0
8.0,167.0,3.0,869.0,34.0,771.5916667,0.009090909,0.030876623,0.0,0.0,3.0,2.0,4.0,1.0,1.0,0.0,0.0,1.0
1.0,4.0,3.0,148.5,5.0,185.8333333,0.0,0.01875,0.0,0.0,3.0,2.0,2.0,7.0,2.0,0.0,0.0,1.0
2.0,26.0,1.0,6.0,103.0,3400.248897,0.014692557,0.025598706,0.0,0.0,11.0,3.0,2.0,9.0,13.0,1.0,0.0,1.0
3.0,31.5,0.0,0.0,13.0,956.5,0.0,0.04,0.0,0.0,3.0,2.0,2.0,1.0,13.0,0.0,0.0,1.0
3.0,124.0,0.0,0.0,13.0,173.0,0.0,0.017777778,0.0,0.0,5.0,2.0,2.0,1.0,2.0,0.0,1.0,0.0
2.0,225.0,0.0,0.0,6.0,549.0,0.0,0.014285714,0.0,0.0,5.0,3.0,2.0,1.0,4.0,0.0,1.0,0.0
1.0,0.0,3.0,92.5,9.0,359.1666667,0.0,0.018181818,58.16727273,0.0,5.0,1.0,1.0,1.0,5.0,0.0,1.0,0.0
2.0,94.6,1.0,74.6,16.0,199.0,0.0,0.015789474,0.0,0.0,7.0,1.0,2.0,9.0,2.0,0.0,1.0,0.0
3.0,59.5,0.0,0.0,2.0,13.1,0.0,0.008333333,0.0,0.0,9.0,1.0,1.0,4.0,5.0,0.0,1.0,0.0
2.0,22.2,0.0,0.0,18.0,470.8966667,0.0,0.005,0.0,0.0,11.0,2.0,2.0,2.0,4.0,0.0,1.0,0.0
0.0,0.0,0.0,0.0,10.0,443.5,0.0,0.027777778,38.20940741,0.0,5.0,2.0,5.0,3.0,4.0,1.0,0.0,1.0
1.0,29.2,0.0,0.0,0.0,0.0,0.0,0.066666667,0.0,0.0,11.0,1.0,1.0,4.0,2.0,1.0,0.0,1.0
2.0,2.0,0.0,0.0,0.0,0.0,0.1,0.1,0.0,0.0,5.0,1.0,1.0,3.0,2.0,1.0,0.0,1.0
3.0,148.6666667,0.0,0.0,23.0,908.4666667,0.033333333,0.052840909,25.61645833,0.8,5.0,3.0,2.0,1.0,13.0,0.0,0.0,1.0
0.0,0.0,0.0,0.0,11.0,350.375,0.018181818,0.011688312,0.0,0.0,11.0,3.0,2.0,3.0,2.0,0.0,1.0,0.0
3.0,112.75,6.0,287.5,27.0,1491.5,0.013968254,0.021326007,5.772982827,0.0,11.0,1.0,1.0,1.0,2.0,0.0,0.0,1.0
0.0,0.0,0.0,0.0,12.0,846.25,0.0,0.018181818,40.4014481,0.0,12.0,2.0,6.0,1.0,6.0,0.0,1.0,0.0
1.0,20.5,1.0,13.0,57.0,1518.903694,0.0,0.022947455,13.40247586,0.0,5.0,2.0,2.0,1.0,4.0,0.0,0.0,1.0
0.0,0.0,0.0,0.0,47.0,2455.147619,0.007407407,0.023703704,0.0,0.0,11.0,3.0,2.0,1.0,3.0,0.0,0.0,1.0
0.0,0.0,0.0,0.0,14.0,116.8333333,0.064285714,0.085714286,0.0,0.6,5.0,2.0,2.0,2.0,3.0,0.0,0.0,1.0
0.0,0.0,0.0,0.0,8.0,101.75,0.025,0.075,0.0,0.0,11.0,2.0,2.0,6.0,2.0,0.0,0.0,1.0
3.0,96.5,0.0,0.0,8.0,323.5,0.0,0.02,0.0,0.0,12.0,1.0,1.0,6.0,2.0,0.0,0.0,1.0
0.0,0.0,0.0,0.0,12.0,468.0,0.016666667,0.033333333,0.0,0.0,3.0,4.0,1.0,4.0,3.0,0.0,0.0,1.0
6.0,176.25,12.0,404.0,41.0,2720.671429,0.012962963,0.033262108,8.833825926,0.0,3.0,2.0,2.0,2.0,2.0,1.0,0.0,1.0
0.0,0.0,0.0,0.0,3.0,190.0,0.0,0.066666667,0.0,0.0,3.0,2.0,7.0,4.0,3.0,1.0,0.0,1.0
0.0,0.0,0.0,0.0,6.0,1038.0,0.033333333,0.066666667,0.0,0.0,12.0,2.0,4.0,1.0,2.0,0.0,0.0,1.0
0.0,0.0,0.0,0.0,3.0,136.5,0.0,0.066666667,0.0,0.0,12.0,1.0,1.0,4.0,3.0,0.0,0.0,0.0
2.0,0.0,0.0,0.0,17.0,1394.666667,0.0,0.029761905,0.0,0.0,3.0,2.0,4.0,2.0,6.0,0.0,0.0,1.0
1.0,4.75,2.0,78.0,67.0,1231.136508,0.002985075,0.0110199,0.0,0.0,3.0,2.0,6.0,1.0,1.0,0.0,0.0,1.0
0.0,0.0,0.0,0.0,8.0,111.6666667,0.0,0.025,0.0,0.0,3.0,2.0,2.0,1.0,1.0,0.0,0.0,1.0
0.0,0.0,0.0,0.0,3.0,66.4,0.066666667,0.1,0.0,0.0,6.0,3.0,2.0,6.0,11.0,1.0,0.0,1.0
14.0,1261.916667,12.0,985.4190476,30.0,1956.022222,0.0030839,0.022907353,0.0,0.6,5.0,2.0,2.0,3.0,2.0,0.0,0.0,1.0
1.0,65.5,0.0,0.0,51.0,1544.855159,0.012244898,0.027755102,0.0,0.0,11.0,3.0,2.0,1.0,1.0,1.0,0.0,1.0
0.0,0.0,0.0,0.0,18.0,473.75,0.0375,0.046666667,0.0,0.6,5.0,3.0,2.0,6.0,3.0,0.0,0.0,1.0
2.0,95.8,0.0,0.0,83.0,4052.358631,0.000340136,0.008176477,19.61979883,0.0,9.0,2.0,2.0,4.0,3.0,0.0,0.0,1.0
9.0,102.8666667,3.0,339.5,29.0,693.2541667,0.0,0.014705882,77.64914484,0.0,12.0,2.0,10.0,1.0,2.0,0.0,0.0,1.0
4.0,255.5,0.0,0.0,14.0,770.5,0.0,0.002666667,0.0,0.0,11.0,3.0,2.0,7.0,8.0,1.0,0.0,1.0
0.0,0.0,0.0,0.0,6.0,34.33333333,0.033333333,0.05,0.0,0.6,5.0,2.0,2.0,2.0,3.0,0.0,0.0,1.0
0.0,0.0,0.0,0.0,22.0,346.8333333,0.038095238,0.057142857,12.55885714,0.0,5.0,2.0,2.0,7.0,2.0,0.0,0.0,1.0
0.0,0.0,0.0,0.0,19.0,1040.2,0.0,0.011111111,115.98,0.0,5.0,2.0,2.0,6.0,2.0,1.0,1.0,0.0
0.0,0.0,0.0,0.0,21.0,987.9,0.01,0.016666667,0.0,0.0,12.0,2.0,4.0,2.0,1.0,0.0,0.0,1.0
6.0,152.0,0.0,0.0,17.0,450.75,0.028571429,0.052380952,14.10739957,0.0,11.0,1.0,8.0,3.0,11.0,0.0,0.0,1.0
0.0,0.0,0.0,0.0,8.0,70.2,0.025,0.061111111,0.0,0.0,3.0,1.0,2.0,8.0,1.0,0.0,0.0,1.0
0.0,0.0,0.0,0.0,14.0,460.0,0.0,0.014285714,0.0,0.0,5.0,2.0,2.0,3.0,2.0,0.0,0.0,1.0
0.0,0.0,0.0,0.0,4.0,163.5,0.0,0.025,0.0,0.0,11.0,3.0,6.0,2.0,2.0,0.0,0.0,1.0
0.0,0.0,0.0,0.0,8.0,623.0769231,0.0,0.010884354,0.0,0.0,5.0,3.0,2.0,4.0,3.0,0.0,0.0,1.0
1.0,0.0,0.0,0.0,10.0,304.0,0.0,0.02,0.0,0.0,5.0,3.0,2.0,4.0,4.0,1.0,0.0,1.0
4.0,171.25,0.0,0.0,22.0,851.5595238,0.004545455,0.031907308,0.0,0.0,3.0,3.0,2.0,1.0,1.0,0.0,0.0,1.0
0.0,0.0,0.0,0.0,8.0,372.8333333,0.0,0.0125,0.0,0.0,3.0,1.0,1.0,1.0,1.0,0.0,0.0,1.0
11.0,79.75,0.0,0.0,31.0,419.25,0.006818182,0.026893939,0.0,0.8,5.0,2.0,2.0,1.0,3.0,0.0,0.0,1.0
11.0,504.2833333,1.0,0.0,58.0,2451.058466,0.012365591,0.022769886,0.0,0.0,12.0,3.0,2.0,1.0,1.0,0.0,0.0,1.0
0.0,0.0,0.0,0.0,4.0,213.5,0.0,0.1,0.0,0.0,12.0,2.0,10.0,9.0,1.0,0.0,0.0,1.0
7.0,217.8333333,1.0,23.5,18.0,338.1272727,0.0,0.014393939,0.0,0.0,3.0,3.0,2.0,1.0,10.0,0.0,0.0,1.0
4.0,87.25,0.0,0.0,37.0,1336.208333,0.009756098,0.03902439,0.0,0.0,11.0,2.0,2.0,1.0,1.0,0.0,0.0,1.0
2.0,109.0,5.0,125.0,1.0,34.0,0.0,0.00952381,0.0,0.0,5.0,3.0,2.0,1.0,4.0,0.0,0.0,1.0
0.0,0.0,0.0,0.0,10.0,243.2,0.02,0.04,0.0,0.0,3.0,2.0,2.0,4.0,1.0,0.0,0.0,1.0
5.0,38.57777778,2.0,9.0,7.0,584.3777778,0.0,0.064351852,0.0,0.0,7.0,1.0,1.0,1.0,2.0,1.0,0.0,1.0
8.0,237.5,4.0,142.0,30.0,1569.625,0.0,0.008108108,15.88906362,0.0,3.0,1.0,2.0,1.0,9.0,1.0,0.0,1.0
0.0,0.0,0.0,0.0,1.0,0.0,0.2,0.2,0.0,0.0,11.0,3.0,2.0,3.0,10.0,0.0,0.0,0.0
13.0,110.7583333,1.0,3.0,34.0,858.9464286,0.0,0.011627907,17.78585727,0.0,11.0,2.0,2.0,5.0,10.0,1.0,0.0,1.0
0.0,0.0,0.0,0.0,23.0,553.15,0.034782609,0.069565217,0.0,0.0,3.0,2.0,2.0,3.0,1.0,0.0,0.0,1.0
0.0,0.0,0.0,0.0,3.0,63.0,0.0,0.066666667,0.0,0.8,5.0,1.0,1.0,9.0,1.0,0.0,0.0,1.0
0.0,0.0,1.0,5.0,9.0,279.0,0.04,0.041666667,0.0,0.0,11.0,3.0,2.0,7.0,8.0,1.0,1.0,0.0
5.0,91.5,0.0,0.0,14.0,187.9166667,0.0,0.02745098,0.0,0.0,12.0,1.0,1.0,3.0,3.0,0.0,0.0,1.0
0.0,0.0,0.0,0.0,6.0,50.0,0.033333333,0.066666667,0.0,0.0,5.0,2.0,5.0,6.0,4.0,0.0,0.0,1.0
0.0,0.0,0.0,0.0,12.0,749.8,0.0,0.015384615,23.00459544,0.0,7.0,2.0,2.0,1.0,4.0,0.0,1.0,0.0
14.0,160.1115392,6.0,1079.833333,154.0,7405.360281,0.004924242,0.021452975,8.533928457,0.0,11.0,4.0,1.0,4.0,1.0,0.0,0.0,1.0
0.0,0.0,0.0,0.0,15.0,1390.583333,0.025,0.05,39.48337116,0.0,12.0,2.0,2.0,2.0,1.0,0.0,0.0,1.0
2.0,69.0,2.0,92.0,37.0,796.9571429,0.0,0.0242741,3.978276423,0.0,3.0,2.0,2.0,7.0,2.0,0.0,0.0,1.0
0.0,0.0,0.0,0.0,11.0,419.75,0.0,0.006060606,0.0,0.0,3.0,2.0,2.0,6.0,1.0,0.0,0.0,1.0
0.0,0.0,0.0,0.0,3.0,51.0,0.0,0.1,0.0,0.0,11.0,2.0,2.0,3.0,2.0,0.0,0.0,0.0
0.0,0.0,0.0,0.0,24.0,460.45,0.016666667,0.031944444,0.0,0.4,5.0,2.0,2.0,6.0,13.0,0.0,0.0,1.0
0.0,0.0,16.0,1210.397619,5.0,279.8571429,0.003174603,0.012764202,0.0,0.0,3.0,2.0,2.0,1.0,8.0,0.0,0.0,1.0
0.0,0.0,0.0,0.0,1.0,0.0,0.0,0.2,0.0,0.0,3.0,2.0,2.0,1.0,1.0,0.0,0.0,1.0
0.0,0.0,0.0,0.0,5.0,975.5,0.08,0.1,0.0,0.0,11.0,3.0,2.0,3.0,13.0,0.0,0.0,1.0
10.0,1251.2,7.0,250.0,414.0,23888.81,0.009900332,0.027062016,1.033757336,0.0,9.0,2.0,2.0,4.0,13.0,0.0,0.0,1.0
8.0,146.0,5.0,125.5,99.0,3881.938907,0.001851852,0.026820988,10.12959599,0.0,11.0,2.0,2.0,9.0,3.0,0.0,0.0,1.0
0.0,0.0,0.0,0.0,19.0,283.5,0.0,0.010526316,0.0,0.8,5.0,2.0,4.0,1.0,6.0,0.0,0.0,1.0
6.0,355.5,0.0,0.0,11.0,134.9,0.013333333,0.005333333,0.0,0.0,3.0,3.0,2.0,1.0,8.0,1.0,1.0,0.0
1.0,993.0,0.0,0.0,28.0,1529.30467,0.001481481,0.009150327,0.0,0.0,3.0,3.0,2.0,4.0,2.0,0.0,0.0,1.0
2.0,452.5,0.0,0.0,18.0,762.2380952,0.0,0.002352941,0.0,0.0,11.0,1.0,1.0,6.0,2.0,0.0,1.0,0.0
3.0,1499.571429,1.0,186.0,31.0,2905.943651,0.0,0.010215054,0.0,0.0,3.0,2.0,6.0,7.0,1.0,0.0,0.0,1.0
3.0,60.0,0.0,0.0,34.0,783.6363636,0.0,0.000505051,0.0,0.0,12.0,2.0,2.0,1.0,1.0,1.0,0.0,1.0
7.0,235.75,4.0,66.5,37.0,729.7916667,0.004545455,0.018181818,60.42298474,0.0,11.0,2.0,2.0,1.0,2.0,0.0,0.0,1.0
0.0,0.0,0.0,0.0,8.0,140.1666667,0.0,0.0375,0.0,0.0,11.0,2.0,2.0,1.0,1.0,1.0,0.0,1.0
4.0,140.475,1.0,0.0,48.0,1252.561414,0.014038462,0.024738632,0.0,0.0,11.0,3.0,2.0,1.0,2.0,1.0,0.0,1.0
4.0,143.0666667,1.0,6.5,74.0,1294.405,0.002666667,0.010666667,0.0,0.0,8.0,2.0,2.0,3.0,1.0,1.0,0.0,1.0
5.0,72.425,2.0,72.0,33.0,1143.657143,0.0,0.015888889,4.230212245,0.0,5.0,2.0,2.0,2.0,1.0,1.0,0.0,1.0
1.0,18.0,1.0,6.0,122.0,7141.214642,0.012926829,0.01962467,0.0,0.0,11.0,3.0,2.0,1.0,2.0,1.0,0.0,1.0
0.0,0.0,0.0,0.0,7.0,139.5,0.0,0.028571429,0.0,0.0,5.0,3.0,2.0,3.0,2.0,0.0,0.0,1.0
10.0,2407.42381,3.0,434.3,486.0,23050.10414,0.000323719,0.011248517,0.0,0.0,7.0,2.0,2.0,1.0,3.0,0.0,0.0,1.0
2.0,68.6,0.0,0.0,10.0,279.7666667,0.0,0.033333333,0.0,0.0,10.0,1.0,2.0,7.0,4.0,0.0,1.0,0.0
0.0,0.0,0.0,0.0,16.0,588.3333333,0.0,0.025,0.0,0.0,2.0,2.0,4.0,1.0,1.0,0.0,0.0,1.0
0.0,0.0,0.0,0.0,11.0,398.6944444,0.014814815,0.059259259,0.0,0.0,11.0,1.0,8.0,3.0,11.0,0.0,0.0,1.0
2.0,115.0,0.0,0.0,5.0,36.0,0.0,0.033333333,0.0,0.0,3.0,1.0,1.0,3.0,11.0,0.0,0.0,1.0
2.0,7.0,0.0,0.0,10.0,75.0,0.05,0.11,0.0,0.0,3.0,2.0,2.0,1.0,1.0,0.0,0.0,1.0
4.0,571.25,1.0,0.0,11.0,470.9166667,0.015384615,0.061538462,0.0,0.0,11.0,1.0,1.0,1.0,2.0,1.0,0.0,1.0
1.0,21.0,3.0,19.0,39.0,754.3194444,0.004651163,0.036124031,0.0,0.0,11.0,2.0,2.0,1.0,10.0,0.0,0.0,1.0
0.0,0.0,0.0,0.0,10.0,1186.6,0.02,0.08,0.0,0.0,8.0,2.0,5.0,1.0,3.0,0.0,0.0,1.0
5.0,179.5,0.0,0.0,36.0,1792.8,0.0,0.004390244,0.0,0.0,3.0,2.0,2.0,3.0,10.0,0.0,0.0,1.0
3.0,156.8,4.0,262.75,12.0,350.4253968,0.002614379,0.041356389,0.0,0.4,5.0,3.0,2.0,1.0,4.0,0.0,0.0,1.0
2.0,40.5,1.0,4.0,19.0,472.5416667,0.0,0.005,0.0,0.0,11.0,1.0,1.0,4.0,2.0,0.0,0.0,1.0
3.0,91.66666667,2.0,12.0,29.0,1347.266667,0.0,0.008854167,0.0,0.0,12.0,2.0,5.0,1.0,1.0,0.0,0.0,1.0
1.0,16.0,0.0,0.0,7.0,136.0,0.0,0.00952381,0.0,0.0,5.0,2.0,10.0,3.0,2.0,0.0,0.0,1.0
1.0,21.0,0.0,0.0,23.0,529.75,0.0,0.009090909,57.3158913,0.0,11.0,1.0,2.0,1.0,8.0,0.0,1.0,0.0
1.0,30.0,0.0,0.0,16.0,597.6,0.0,0.0125,0.0,0.0,3.0,1.0,1.0,3.0,2.0,0.0,0.0,1.0
2.0,243.0,0.0,0.0,12.0,1180.5,0.0,0.007692308,0.0,0.0,3.0,1.0,1.0,1.0,9.0,0.0,0.0,1.0
4.0,84.75,0.0,0.0,46.0,962.9011905,0.004444444,0.01212963,0.0,0.0,12.0,1.0,1.0,6.0,2.0,0.0,0.0,1.0
0.0,0.0,0.0,0.0,22.0,817.9590698,0.056060606,0.079518398,0.0,0.0,9.0,3.0,2.0,3.0,1.0,1.0,0.0,1.0
0.0,0.0,2.0,31.0,3.0,47.0,0.04,0.08,0.0,0.0,3.0,1.0,1.0,6.0,1.0,1.0,0.0,1.0
5.0,282.0,0.0,0.0,8.0,326.0,0.0,0.022222222,0.0,0.0,3.0,1.0,1.0,1.0,3.0,0.0,0.0,1.0
2.0,48.66666667,4.0,155.3333333,20.0,540.75,0.0,0.004166667,38.88816225,0.0,11.0,2.0,2.0,3.0,2.0,0.0,0.0,1.0
0.0,0.0,0.0,0.0,3.0,52.5,0.066666667,0.1,0.0,0.0,12.0,3.0,2.0,3.0,3.0,0.0,0.0,1.0
0.0,0.0,0.0,0.0,20.0,301.5,0.028571429,0.05952381,0.0,0.8,5.0,3.0,2.0,1.0,3.0,0.0,0.0,1.0
0.0,0.0,0.0,0.0,1.0,70.5,0.0,0.1,0.0,0.0,11.0,2.0,10.0,1.0,3.0,0.0,0.0,1.0
11.0,92.10151515,0.0,0.0,69.0,2183.007024,0.008552632,0.032956586,0.0,0.0,7.0,2.0,2.0,5.0,6.0,0.0,0.0,1.0
1.0,178.0,0.0,0.0,3.0,110.0,0.0,0.016666667,0.0,0.2,5.0,3.0,2.0,3.0,4.0,0.0,0.0,1.0
6.0,87.33333333,0.0,0.0,62.0,1470.853037,0.0,0.009683372,0.0,0.0,3.0,2.0,4.0,6.0,3.0,1.0,0.0,1.0
4.0,34.0,0.0,0.0,3.0,24.0,0.0,0.04,0.0,0.0,5.0,1.0,1.0,3.0,2.0,0.0,1.0,0.0
0.0,0.0,0.0,0.0,8.0,731.0,0.0,0.04375,0.0,0.0,3.0,2.0,4.0,1.0,3.0,0.0,0.0,1.0
1.0,27.5,0.0,0.0,114.0,1403.720238,0.0,0.000589971,255.5691579,0.0,11.0,4.0,5.0,2.0,8.0,0.0,0.0,1.0
0.0,0.0,0.0,0.0,3.0,35.4,0.0,0.066666667,0.0,0.0,11.0,1.0,1.0,1.0,1.0,0.0,0.0,1.0
2.0,152.8333333,0.0,0.0,20.0,791.6666667,0.011111111,0.016666667,41.35007203,0.0,3.0,1.0,1.0,1.0,2.0,0.0,1.0,0.0
2.0,26.0,0.0,0.0,19.0,3277.0,0.015789474,0.037894737,0.0,0.0,3.0,2.0,2.0,4.0,6.0,0.0,0.0,1.0
0.0,0.0,0.0,0.0,50.0,1241.75,0.0,0.008163265,47.83758971,0.0,11.0,2.0,10.0,1.0,2.0,0.0,1.0,0.0
0.0,0.0,2.0,5.5,141.0,4310.775,0.001408451,0.013891039,0.0,0.0,12.0,2.0,2.0,1.0,2.0,0.0,0.0,1.0
0.0,0.0,0.0,0.0,2.0,0.0,0.2,0.2,0.0,0.6,5.0,2.0,2.0,1.0,3.0,0.0,0.0,1.0
7.0,490.5,0.0,0.0,43.0,1286.916667,0.0,0.01037037,0.0,0.0,12.0,2.0,2.0,3.0,1.0,0.0,1.0,0.0
0.0,0.0,0.0,0.0,64.0,4492.311111,0.004761905,0.022705971,0.0,0.0,11.0,2.0,2.0,3.0,2.0,0.0,0.0,1.0
0.0,0.0,0.0,0.0,2.0,0.0,0.2,0.2,0.0,0.0,11.0,3.0,2.0,1.0,13.0,1.0,0.0,1.0
0.0,0.0,0.0,0.0,4.0,148.5,0.05,0.083333333,0.0,0.0,3.0,1.0,1.0,1.0,1.0,1.0,0.0,1.0
1.0,73.0,0.0,0.0,12.0,2156.5,0.018181818,0.027272727,68.88769355,0.0,11.0,3.0,2.0,1.0,2.0,0.0,1.0,0.0
0.0,0.0,3.0,44.0,52.0,1216.364286,0.050909091,0.073225108,0.0,0.0,9.0,3.0,2.0,1.0,13.0,1.0,0.0,1.0
0.0,0.0,0.0,0.0,7.0,512.25,0.0,0.014285714,0.0,0.0,12.0,3.0,2.0,1.0,11.0,0.0,1.0,0.0
3.0,82.6,0.0,0.0,33.0,598.7611111,0.0,0.007843137,0.0,0.0,9.0,2.0,2.0,2.0,1.0,0.0,0.0,1.0
0.0,0.0,0.0,0.0,22.0,1310.5,0.00952381,0.028571429,23.86359286,0.0,3.0,2.0,2.0,1.0,1.0,0.0,0.0,1.0
0.0,0.0,0.0,0.0,2.0,0.0,0.2,0.2,0.0,0.0,11.0,3.0,2.0,5.0,20.0,0.0,0.0,1.0
0.0,0.0,0.0,0.0,9.0,147.0,0.022222222,0.014814815,0.0,0.0,5.0,2.0,2.0,7.0,3.0,0.0,0.0,1.0
2.0,35.2,0.0,0.0,15.0,521.8666667,0.0,0.00625,0.0,0.0,6.0,2.0,2.0,9.0,2.0,0.0,1.0,0.0
8.0,122.0416667,0.0,0.0,14.0,338.7916667,0.0,0.025,0.0,0.0,12.0,2.0,2.0,7.0,3.0,0.0,0.0,1.0
2.0,28.2,0.0,0.0,16.0,312.2,0.033333333,0.048148148,0.0,0.0,10.0,2.0,2.0,1.0,1.0,0.0,0.0,1.0
4.0,40.0,2.0,146.0,56.0,2866.90202,0.0,0.010451977,85.7528587,0.0,3.0,2.0,2.0,2.0,2.0,1.0,0.0,1.0
9.0,299.6333333,4.0,56.0,35.0,1386.633333,0.01025641,0.014871795,0.0,0.0,5.0,1.0,1.0,4.0,3.0,0.0,0.0,1.0
0.0,0.0,0.0,0.0,18.0,481.4,0.068518519,0.091604938,0.0,0.0,8.0,3.0,2.0,3.0,3.0,0.0,0.0,1.0
10.0,137.5,1.0,32.5,145.0,6165.878774,0.001333333,0.020769697,0.0,0.0,11.0,2.0,2.0,6.0,2.0,0.0,0.0,1.0
2.0,35.0,0.0,0.0,11.0,131.3,0.0,0.015384615,0.0,0.0,3.0,2.0,2.0,1.0,2.0,0.0,1.0,0.0
0.0,0.0,0.0,0.0,69.0,1002.104167,0.0,0.013140097,0.0,0.0,11.0,2.0,2.0,4.0,2.0,0.0,0.0,1.0
0.0,0.0,0.0,0.0,33.0,735.4392857,0.0,0.002693603,0.0,0.0,11.0,4.0,2.0,4.0,2.0,0.0,0.0,1.0
0.0,0.0,0.0,0.0,3.0,75.0,0.066666667,0.133333333,0.0,0.0,12.0,3.0,2.0,1.0,20.0,0.0,0.0,1.0
1.0,7.0,0.0,0.0,17.0,2648.5,0.0125,0.03125,0.0,0.0,3.0,2.0,2.0,1.0,2.0,0.0,0.0,1.0
0.0,0.0,0.0,0.0,14.0,184.8333333,0.0,0.035714286,0.0,0.4,5.0,2.0,2.0,1.0,2.0,0.0,0.0,1.0
1.0,23.0,0.0,0.0,20.0,723.25,0.036363636,0.050606061,0.0,0.4,5.0,3.0,2.0,1.0,6.0,0.0,0.0,1.0
0.0,0.0,0.0,0.0,16.0,748.4,0.014285714,0.035714286,43.19228571,0.0,5.0,2.0,2.0,3.0,4.0,0.0,0.0,1.0
14.0,173.0833333,3.0,424.5,115.0,3382.287999,0.005346832,0.021971597,0.0,0.0,5.0,2.0,2.0,2.0,6.0,0.0,0.0,1.0
0.0,0.0,0.0,0.0,23.0,943.25,0.008695652,0.046376812,0.0,0.0,11.0,1.0,1.0,3.0,3.0,0.0,0.0,1.0
0.0,0.0,0.0,0.0,27.0,652.7,0.0,0.02962963,0.0,0.0,7.0,2.0,2.0,7.0,1.0,1.0,0.0,1.0
0.0,0.0,0.0,0.0,2.0,35.0,0.0,0.05,0.0,0.0,11.0,2.0,2.0,1.0,10.0,0.0,1.0,0.0
1.0,104.0,0.0,0.0,5.0,152.5,0.028571429,0.057142857,64.95645099,0.0,12.0,2.0,13.0,9.0,20.0,0.0,0.0,1.0
5.0,36.33333333,3.0,53.0,22.0,406.0,0.002564103,0.013461538,0.0,0.0,3.0,4.0,1.0,1.0,1.0,0.0,0.0,1.0
0.0,0.0,0.0,0.0,13.0,524.0,0.0,0.016666667,45.4642609,0.0,11.0,2.0,4.0,9.0,8.0,1.0,1.0,0.0
1.0,9.0,0.0,0.0,22.0,1889.25,0.0,0.024603175,0.0,0.0,8.0,2.0,2.0,7.0,6.0,0.0,0.0,1.0
9.0,116.5416667,4.0,208.6666667,57.0,1813.250382,0.003030303,0.011897547,30.60955642,0.0,11.0,1.0,2.0,1.0,2.0,0.0,0.0,1.0
0.0,0.0,0.0,0.0,20.0,2271.0,0.0,0.025,0.0,0.0,3.0,2.0,2.0,1.0,1.0,0.0,0.0,1.0
0.0,0.0,0.0,0.0,7.0,76.0,0.0,0.071428571,0.0,0.0,5.0,2.0,2.0,7.0,3.0,0.0,0.0,1.0
9.0,292.3,0.0,0.0,117.0,1953.537512,0.002892562,0.007295031,2.767055125,0.0,8.0,1.0,1.0,1.0,4.0,1.0,0.0,1.0
0.0,0.0,0.0,0.0,69.0,3621.066667,0.001492537,0.02032147,0.0,0.0,11.0,2.0,1.0,1.0,2.0,0.0,0.0,1.0
3.0,421.0,0.0,0.0,4.0,110.5,0.0,0.011111111,0.0,0.0,3.0,3.0,2.0,8.0,2.0,1.0,1.0,0.0
1.0,21.0,0.0,0.0,31.0,945.6666667,0.006896552,0.010344828,0.0,0.0,5.0,2.0,2.0,1.0,4.0,0.0,1.0,0.0
0.0,0.0,0.0,0.0,5.0,103.0,0.0,0.04,0.0,0.0,3.0,2.0,2.0,1.0,2.0,0.0,0.0,1.0
5.0,58.0,0.0,0.0,10.0,657.2619048,0.0,0.004166667,0.0,0.0,3.0,1.0,1.0,2.0,2.0,0.0,1.0,0.0
3.0,37.0,0.0,0.0,53.0,2409.068434,0.001960784,0.018076564,0.0,0.0,5.0,3.0,2.0,1.0,1.0,0.0,0.0,1.0
5.0,75.0,0.0,0.0,31.0,1066.0,0.0,0.014285714,0.0,0.0,5.0,2.0,2.0,1.0,6.0,0.0,0.0,1.0
2.0,162.0,0.0,0.0,7.0,204.5,0.0,0.022222222,0.0,0.0,5.0,1.0,1.0,8.0,2.0,0.0,1.0,0.0
1.0,23.2,0.0,0.0,3.0,397.8,0.0,0.0,0.0,0.0,8.0,2.0,2.0,1.0,4.0,0.0,0.0,1.0
2.0,14.0,0.0,0.0,5.0,45.25,0.0,0.038095238,0.0,0.0,12.0,2.0,2.0,1.0,2.0,0.0,0.0,1.0
3.0,206.6666667,0.0,0.0,15.0,936.1666667,0.01875,0.09375,0.0,0.0,3.0,2.0,4.0,3.0,1.0,0.0,0.0,1.0
5.0,91.83333333,0.0,0.0,32.0,1480.666667,0.0,0.006857143,0.0,0.0,3.0,1.0,1.0,1.0,3.0,1.0,0.0,1.0
1.0,12.83333333,3.0,77.0,31.0,2372.333333,0.0,0.012941176,10.32166068,0.0,3.0,2.0,2.0,1.0,2.0,0.0,0.0,1.0
0.0,0.0,0.0,0.0,2.0,17.0,0.0,0.1,0.0,0.0,5.0,2.0,2.0,2.0,4.0,0.0,0.0,1.0
2.0,1172.0,0.0,0.0,24.0,1244.066667,0.008,0.028,0.0,0.0,5.0,1.0,8.0,2.0,6.0,0.0,0.0,1.0
1.0,61.25,3.0,1083.0,14.0,2230.5,0.0,0.011764706,0.0,0.0,12.0,2.0,2.0,1.0,2.0,0.0,0.0,1.0
0.0,0.0,0.0,0.0,1.0,40.0,0.0,0.1,0.0,0.0,3.0,3.0,2.0,1.0,10.0,0.0,0.0,1.0
15.0,290.2934078,2.0,302.0,49.0,2011.513765,0.020689655,0.024273772,10.74211393,0.0,11.0,1.0,1.0,2.0,2.0,0.0,0.0,1.0
10.0,196.25,1.0,46.4,271.0,12292.46381,0.005995204,0.02001083,0.038034542,0.0,7.0,2.0,2.0,2.0,3.0,1.0,0.0,1.0
10.0,750.75,3.0,80.0,49.0,1088.05,0.011320755,0.021069182,0.0,0.0,5.0,1.0,1.0,3.0,3.0,0.0,0.0,1.0
0.0,0.0,0.0,0.0,26.0,338.2333333,0.024871795,0.078269231,0.0,0.0,5.0,2.0,2.0,2.0,2.0,1.0,0.0,1.0
0.0,0.0,0.0,0.0,33.0,1324.616667,0.009677419,0.043870968,0.0,0.2,5.0,2.0,2.0,1.0,4.0,0.0,0.0,1.0
3.0,94.6,0.0,0.0,16.0,1254.0,0.0,0.019327731,0.0,0.0,11.0,3.0,2.0,7.0,2.0,1.0,1.0,0.0
0.0,0.0,0.0,0.0,12.0,461.1083333,0.0,0.007692308,45.05554866,0.0,11.0,3.0,2.0,1.0,1.0,0.0,0.0,1.0
5.0,175.2307692,0.0,0.0,20.0,2224.85,0.004347826,0.023913043,0.0,0.0,3.0,4.0,2.0,8.0,1.0,0.0,0.0,1.0
1.0,14.0,0.0,0.0,50.0,1317.795833,0.01,0.021469506,0.0,0.0,11.0,3.0,2.0,4.0,1.0,1.0,0.0,1.0
1.0,22.0,3.0,39.0,80.0,1903.081639,0.007228916,0.032248996,0.0,0.0,12.0,3.0,2.0,1.0,2.0,0.0,0.0,1.0
0.0,0.0,0.0,0.0,2.0,0.0,0.2,0.2,0.0,0.0,11.0,2.0,2.0,1.0,1.0,0.0,0.0,1.0
10.0,242.6333333,4.0,23.0,47.0,1534.815256,0.022807018,0.036908939,5.194081873,0.0,9.0,1.0,1.0,1.0,3.0,0.0,0.0,1.0
2.0,34.0,0.0,0.0,35.0,1907.135417,0.006944444,0.021993464,64.25350176,0.0,12.0,2.0,2.0,1.0,10.0,1.0,0.0,1.0
0.0,0.0,0.0,0.0,3.0,55.0,0.044444444,0.111111111,0.0,0.0,5.0,3.0,5.0,1.0,3.0,0.0,0.0,1.0
0.0,0.0,0.0,0.0,64.0,1911.610665,0.0125,0.026739194,0.0,0.0,11.0,1.0,2.0,2.0,10.0,1.0,0.0,1.0
0.0,0.0,2.0,46.0,9.0,546.0,0.0,0.02,0.0,0.0,3.0,2.0,6.0,1.0,2.0,0.0,0.0,1.0
0.0,0.0,0.0,0.0,33.0,960.125,0.006060606,0.019292929,0.0,0.0,12.0,2.0,6.0,1.0,3.0,1.0,0.0,1.0
0.0,0.0,0.0,0.0,18.0,356.5,0.0125,0.025,0.0,0.6,5.0,2.0,2.0,3.0,2.0,0.0,1.0,0.0
4.0,296.75,0.0,0.0,10.0,183.7083333,0.015384615,0.026666667,0.0,0.0,12.0,1.0,1.0,3.0,2.0,0.0,0.0,1.0
0.0,0.0,0.0,0.0,3.0,133.5,0.0,0.088888889,0.0,0.0,3.0,1.0,2.0,1.0,8.0,0.0,0.0,1.0
0.0,0.0,0.0,0.0,1.0,0.0,0.2,0.2,0.0,0.0,2.0,1.0,1.0,3.0,3.0,0.0,0.0,1.0
1.0,58.4,0.0,0.0,18.0,1045.3,0.0,0.026315789,0.0,0.0,9.0,2.0,2.0,2.0,1.0,0.0,0.0,1.0
2.0,107.0,0.0,0.0,3.0,56.0,0.0,0.04,0.0,0.0,3.0,1.0,1.0,3.0,2.0,0.0,1.0,0.0
4.0,66.83333333,0.0,0.0,125.0,3075.978608,0.00962963,0.022299824,0.0,0.0,11.0,2.0,5.0,3.0,1.0,0.0,0.0,1.0
1.0,11.0,0.0,0.0,5.0,71.0,0.0,0.033333333,0.0,0.0,3.0,2.0,2.0,6.0,3.0,0.0,0.0,1.0
0.0,0.0,0.0,0.0,5.0,82.0,0.0,0.04,0.0,0.0,11.0,2.0,2.0,9.0,8.0,0.0,0.0,1.0
8.0,137.075,0.0,0.0,59.0,2088.443506,0.006343284,0.023522862,54.07524113,0.0,5.0,4.0,2.0,3.0,3.0,0.0,0.0,1.0
8.0,43.95,1.0,56.4,31.0,577.65,0.011764706,0.029411765,0.0,0.0,8.0,2.0,2.0,3.0,3.0,0.0,0.0,1.0
0.0,0.0,0.0,0.0,2.0,107.8,0.0,0.1,0.0,0.0,8.0,2.0,2.0,5.0,13.0,0.0,0.0,1.0
0.0,0.0,0.0,0.0,13.0,255.0833333,0.0,0.015384615,0.0,0.0,12.0,2.0,2.0,8.0,1.0,0.0,0.0,1.0
0.0,0.0,0.0,0.0,1.0,0.0,0.2,0.2,0.0,0.0,2.0,1.0,1.0,1.0,3.0,0.0,0.0,1.0
3.0,179.0,0.0,0.0,15.0,432.75,0.0,0.011111111,0.0,0.0,12.0,2.0,2.0,1.0,2.0,0.0,1.0,0.0
1.0,51.5,0.0,0.0,27.0,818.3166667,0.007407407,0.017354497,0.0,0.0,11.0,3.0,2.0,1.0,13.0,0.0,0.0,1.0
0.0,0.0,0.0,0.0,10.0,22.5,0.1,0.106666667,0.0,0.4,5.0,2.0,5.0,1.0,4.0,0.0,0.0,1.0
0.0,0.0,1.0,11.0,35.0,926.6690476,0.016666667,0.054930556,0.0,1.0,5.0,2.0,2.0,1.0,4.0,1.0,0.0,1.0
5.0,710.3333333,0.0,0.0,23.0,7533.272727,0.0,0.007407407,0.0,0.0,3.0,2.0,2.0,1.0,2.0,0.0,0.0,1.0
0.0,0.0,0.0,0.0,8.0,191.0,0.0,0.025,0.0,0.0,5.0,2.0,2.0,2.0,13.0,1.0,0.0,1.0
0.0,0.0,0.0,0.0,3.0,55.0,0.066666667,0.133333333,0.0,0.6,5.0,1.0,8.0,4.0,20.0,0.0,0.0,1.0
2.0,101.75,0.0,0.0,9.0,561.25,0.022222222,0.033333333,26.38074656,0.0,12.0,3.0,2.0,1.0,1.0,0.0,0.0,1.0
0.0,0.0,0.0,0.0,21.0,1372.7,0.019047619,0.035714286,0.0,0.0,3.0,1.0,1.0,3.0,1.0,0.0,0.0,1.0
5.0,224.8,0.0,0.0,30.0,974.9,0.00625,0.0140625,25.11150884,0.0,11.0,2.0,2.0,4.0,4.0,0.0,0.0,1.0
4.0,76.25,0.0,0.0,141.0,3274.521154,0.0,0.008391608,6.425757643,0.0,12.0,2.0,2.0,1.0,1.0,0.0,0.0,1.0
2.0,102.0,0.0,0.0,4.0,268.0,0.0,0.013333333,0.0,0.0,3.0,2.0,2.0,1.0,3.0,1.0,0.0,1.0
2.0,174.6,0.0,0.0,12.0,251.2,0.061904762,0.080612245,0.0,0.0,8.0,3.0,2.0,6.0,1.0,0.0,0.0,1.0
13.0,210.427451,9.0,435.45,154.0,6515.45431,0.00867052,0.017328726,2.982410939,0.0,11.0,3.0,2.0,1.0,2.0,0.0,0.0,1.0
4.0,84.0,3.0,102.0,32.0,478.5,0.070588235,0.077843137,0.0,0.0,5.0,3.0,2.0,6.0,6.0,0.0,0.0,1.0
0.0,0.0,0.0,0.0,81.0,3197.755638,0.01,0.021511083,0.0,0.0,11.0,3.0,2.0,4.0,10.0,1.0,0.0,1.0
0.0,0.0,0.0,0.0,9.0,146.375,0.075,0.0875,0.0,0.0,11.0,3.0,2.0,1.0,13.0,0.0,0.0,1.0
8.0,114.08,0.0,0.0,37.0,747.48,0.041463415,0.052845528,0.0,0.0,7.0,2.0,10.0,3.0,3.0,0.0,0.0,1.0
1.0,81.0,0.0,0.0,15.0,914.5,0.0,0.014285714,56.5802171,0.0,11.0,2.0,2.0,2.0,11.0,1.0,0.0,1.0
0.0,0.0,0.0,0.0,11.0,123.0,0.0,0.036363636,0.0,0.0,5.0,2.0,2.0,4.0,13.0,0.0,0.0,1.0
5.0,181.6,2.0,722.52,98.0,1717.873278,0.014150943,0.023942797,0.0,0.0,8.0,3.0,2.0,1.0,4.0,0.0,0.0,1.0
0.0,0.0,0.0,0.0,96.0,5947.97123,0.0125,0.028333333,0.0,0.0,11.0,2.0,2.0,1.0,1.0,1.0,0.0,1.0
1.0,73.0,1.0,740.0,50.0,1434.255128,0.0,0.019230769,22.03276923,0.0,3.0,2.0,2.0,3.0,2.0,1.0,0.0,1.0
1.0,55.5,0.0,0.0,8.0,158.25,0.0,0.022222222,0.0,0.0,11.0,2.0,2.0,3.0,10.0,0.0,0.0,1.0
0.0,0.0,0.0,0.0,13.0,89.0,0.046153846,0.1,0.0,0.0,3.0,2.0,2.0,2.0,1.0,0.0,0.0,1.0
1.0,67.5,1.0,0.0,11.0,816.5,0.0,0.016666667,0.0,0.0,12.0,1.0,1.0,6.0,2.0,0.0,1.0,0.0
1.0,64.0,0.0,0.0,33.0,1564.17381,0.00625,0.003506944,10.12275,0.0,5.0,1.0,1.0,2.0,5.0,1.0,0.0,1.0
0.0,0.0,0.0,0.0,2.0,11.0,0.0,0.1,0.0,0.0,12.0,2.0,2.0,2.0,13.0,0.0,0.0,1.0
0.0,0.0,0.0,0.0,8.0,113.6666667,0.0,0.025,0.0,0.0,11.0,2.0,2.0,4.0,13.0,0.0,0.0,1.0
9.0,145.7708333,8.0,408.5,139.0,6566.867562,0.003477444,0.015531015,67.39709637,0.0,11.0,2.0,2.0,3.0,2.0,1.0,0.0,1.0
10.0,170.9263566,0.0,0.0,282.0,4339.924841,0.002040816,0.011461095,2.395283135,0.0,9.0,2.0,2.0,4.0,1.0,0.0,0.0,1.0
6.0,97.88235294,2.0,9.0,58.0,2293.59902,0.008357771,0.033973374,6.7485,0.0,5.0,2.0,2.0,7.0,4.0,0.0,0.0,1.0
0.0,0.0,0.0,0.0,8.0,166.1666667,0.0,0.025,0.0,0.0,5.0,2.0,2.0,3.0,4.0,0.0,0.0,1.0
0.0,0.0,0.0,0.0,1.0,0.0,0.2,0.2,0.0,0.0,3.0,2.0,4.0,1.0,1.0,0.0,0.0,1.0
9.0,329.297619,1.0,75.0,32.0,1888.547619,0.010810811,0.025900901,24.63837838,0.0,5.0,1.0,1.0,9.0,4.0,1.0,0.0,1.0
0.0,0.0,0.0,0.0,37.0,581.0833333,0.005555556,0.026851852,0.0,0.0,11.0,2.0,2.0,2.0,10.0,1.0,0.0,1.0
1.0,5.0,0.0,0.0,15.0,228.8,0.01875,0.06875,0.0,0.0,11.0,2.0,2.0,1.0,1.0,0.0,0.0,1.0
0.0,0.0,0.0,0.0,19.0,5538.916667,0.024,0.055119048,0.0,0.0,5.0,2.0,2.0,1.0,13.0,1.0,0.0,1.0
4.0,124.7,5.0,88.9,11.0,577.6,0.010526316,0.010526316,0.0,0.0,6.0,3.0,2.0,3.0,2.0,0.0,1.0,0.0
0.0,0.0,2.0,288.0,132.0,6725.66369,0.003731343,0.01286425,0.0,0.0,11.0,2.0,2.0,2.0,2.0,0.0,0.0,1.0
1.0,35.0,0.0,0.0,13.0,233.1666667,0.0,0.016666667,0.0,0.0,5.0,1.0,1.0,5.0,4.0,0.0,0.0,1.0
0.0,0.0,2.0,21.0,43.0,1825.557143,0.0,0.018115942,0.0,0.0,11.0,2.0,6.0,1.0,2.0,1.0,0.0,1.0
0.0,0.0,0.0,0.0,10.0,305.0,0.0,0.02,0.0,0.0,11.0,2.0,2.0,1.0,8.0,0.0,0.0,1.0
0.0,0.0,0.0,0.0,53.0,3575.0,0.0,0.003846154,119.8943327,0.0,11.0,2.0,5.0,6.0,2.0,0.0,0.0,1.0
0.0,0.0,0.0,0.0,2.0,203.0,0.0,0.1,0.0,0.0,5.0,2.0,2.0,1.0,3.0,0.0,0.0,1.0
0.0,0.0,0.0,0.0,19.0,692.6222222,0.0,0.001470588,53.988,0.6,5.0,6.0,2.0,9.0,2.0,0.0,1.0,0.0
3.0,121.0,0.0,0.0,17.0,174.8333333,0.017647059,0.051764706,0.0,0.0,5.0,1.0,4.0,2.0,2.0,0.0,0.0,1.0
0.0,0.0,2.0,162.5,49.0,572.061039,0.004,0.027944444,0.0,0.0,12.0,2.0,2.0,1.0,6.0,0.0,0.0,1.0
1.0,69.5,0.0,0.0,16.0,895.8095238,0.0,0.004444444,32.14213333,0.6,5.0,3.0,2.0,2.0,6.0,0.0,0.0,1.0
4.0,100.6,2.0,5.0,93.0,2002.76,0.008163265,0.026598639,0.0,0.0,9.0,2.0,2.0,3.0,13.0,0.0,0.0,1.0
0.0,0.0,0.0,0.0,1.0,0.0,0.2,0.2,0.0,0.0,7.0,1.0,1.0,3.0,4.0,1.0,0.0,1.0
0.0,0.0,0.0,0.0,11.0,458.5,0.0,0.007407407,0.0,0.0,5.0,1.0,1.0,1.0,4.0,1.0,0.0,1.0
0.0,0.0,0.0,0.0,9.0,73.66666667,0.0,0.022222222,0.0,0.2,5.0,2.0,2.0,1.0,3.0,0.0,0.0,1.0
0.0,0.0,0.0,0.0,11.0,192.45,0.036363636,0.040909091,27.31510469,0.0,10.0,3.0,2.0,1.0,1.0,1.0,0.0,1.0
2.0,28.2,0.0,0.0,12.0,271.0,0.0,0.014285714,0.0,0.0,8.0,1.0,8.0,4.0,6.0,0.0,0.0,1.0
2.0,175.2,0.0,0.0,60.0,1635.466667,0.006557377,0.014754098,0.0,0.0,11.0,2.0,5.0,7.0,3.0,0.0,0.0,1.0
0.0,0.0,0.0,0.0,1.0,0.0,0.2,0.2,0.0,0.0,2.0,1.0,1.0,1.0,3.0,0.0,0.0,1.0
0.0,0.0,0.0,0.0,11.0,332.2916667,0.0,0.009090909,0.0,0.0,12.0,2.0,2.0,2.0,2.0,0.0,0.0,1.0
5.0,81.2,0.0,0.0,23.0,269.9018182,0.0,0.008,0.0,0.0,11.0,1.0,1.0,3.0,2.0,0.0,1.0,0.0
3.0,23.2,0.0,0.0,24.0,809.4333333,0.0128,0.021333333,0.0,0.0,8.0,3.0,2.0,1.0,3.0,1.0,0.0,1.0
11.0,268.2,2.0,71.1,49.0,1758.25,0.0,0.020562771,0.0,0.0,9.0,2.0,5.0,4.0,1.0,0.0,0.0,1.0
0.0,0.0,0.0,0.0,17.0,557.4,0.0,0.011111111,83.93274289,0.0,9.0,2.0,2.0,2.0,2.0,1.0,1.0,0.0
1.0,65.0,0.0,0.0,65.0,1803.758333,0.0046875,0.019404762,5.38296875,0.2,5.0,3.0,2.0,3.0,3.0,0.0,0.0,1.0
8.0,732.25,0.0,0.0,34.0,1345.755952,0.005128205,0.013341952,12.27419487,0.8,5.0,3.0,3.0,3.0,2.0,0.0,0.0,1.0
0.0,0.0,0.0,0.0,20.0,644.4,0.0,0.007777778,0.0,0.0,3.0,1.0,1.0,7.0,3.0,0.0,0.0,1.0
4.0,104.0,1.0,93.0,15.0,292.5,0.0,0.02125,0.0,0.0,5.0,2.0,4.0,3.0,4.0,1.0,0.0,1.0
1.0,31.0,0.0,0.0,6.0,25.5,0.066666667,0.083333333,0.0,0.0,3.0,3.0,2.0,3.0,1.0,0.0,0.0,1.0
0.0,0.0,0.0,0.0,14.0,253.1,0.057142857,0.078571429,0.0,0.0,6.0,1.0,1.0,2.0,3.0,0.0,0.0,1.0
0.0,0.0,0.0,0.0,6.0,75.2,0.033333333,0.05,0.0,0.0,7.0,3.0,2.0,2.0,3.0,0.0,0.0,1.0
6.0,88.28,0.0,0.0,17.0,310.9714286,0.031578947,0.035247209,0.0,0.0,10.0,3.0,2.0,1.0,13.0,0.0,0.0,1.0
6.0,130.5,2.0,439.2,78.0,5526.080123,0.0,0.010699588,0.838988251,0.0,11.0,2.0,2.0,9.0,1.0,0.0,0.0,1.0
0.0,0.0,0.0,0.0,7.0,140.4583333,0.028571429,0.034285714,0.0,0.0,11.0,3.0,3.0,9.0,2.0,0.0,0.0,1.0
0.0,0.0,0.0,0.0,5.0,54.33333333,0.0,0.02,0.0,0.0,12.0,1.0,2.0,1.0,3.0,0.0,0.0,1.0
0.0,0.0,0.0,0.0,1.0,0.0,0.2,0.2,0.0,0.0,3.0,3.0,2.0,3.0,11.0,0.0,0.0,1.0
0.0,0.0,0.0,0.0,15.0,593.75,0.0,0.014285714,92.9394993,0.0,11.0,1.0,8.0,3.0,11.0,1.0,0.0,1.0
0.0,0.0,0.0,0.0,20.0,691.75,0.0,0.003333333,0.0,0.0,12.0,3.0,2.0,4.0,2.0,0.0,1.0,0.0
2.0,13.0,0.0,0.0,23.0,441.0,0.066666667,0.101449275,0.0,0.0,11.0,2.0,2.0,1.0,1.0,0.0,0.0,1.0
5.0,825.0,0.0,0.0,33.0,808.1666667,0.0,0.005405405,20.85956757,0.0,3.0,2.0,4.0,9.0,10.0,0.0,1.0,0.0
5.0,318.2666667,0.0,0.0,23.0,1037.833333,0.017857143,0.039285714,0.0,0.0,8.0,2.0,2.0,5.0,1.0,0.0,0.0,1.0
0.0,0.0,0.0,0.0,6.0,161.0,0.033333333,0.1,0.0,0.0,11.0,1.0,8.0,1.0,11.0,1.0,0.0,1.0
3.0,41.2,0.0,0.0,7.0,942.8,0.0,0.03,0.0,0.0,8.0,1.0,1.0,4.0,5.0,0.0,1.0,0.0
0.0,0.0,0.0,0.0,16.0,819.1666667,0.0,0.0125,24.73875,0.0,5.0,2.0,2.0,5.0,2.0,0.0,1.0,0.0
0.0,0.0,0.0,0.0,4.0,72.5,0.0,0.05,0.0,0.0,12.0,1.0,1.0,8.0,10.0,0.0,0.0,1.0
0.0,0.0,0.0,0.0,2.0,404.0,0.0,0.1,0.0,0.0,5.0,2.0,2.0,6.0,13.0,0.0,0.0,1.0
0.0,0.0,0.0,0.0,2.0,0.0,0.2,0.2,0.0,0.8,5.0,3.0,2.0,1.0,13.0,0.0,0.0,1.0
1.0,36.0,1.0,74.0,98.0,7712.375,0.0,0.012431818,15.3498858,0.0,12.0,2.0,10.0,4.0,2.0,0.0,0.0,1.0
0.0,0.0,0.0,0.0,14.0,999.0,0.0,0.023076923,8.482951523,0.0,12.0,2.0,2.0,3.0,6.0,0.0,0.0,1.0
1.0,51.4,0.0,0.0,25.0,1417.022222,0.022666667,0.055466667,0.0,0.0,7.0,3.0,2.0,1.0,2.0,0.0,0.0,1.0
1.0,14.0,0.0,0.0,30.0,1845.333333,0.027083333,0.042083333,12.6534375,0.0,5.0,3.0,2.0,3.0,1.0,0.0,0.0,1.0
0.0,0.0,0.0,0.0,4.0,247.0,0.0,0.05,0.0,0.2,5.0,2.0,2.0,1.0,2.0,0.0,0.0,1.0
5.0,107.0,0.0,0.0,34.0,777.2125,0.0,0.013513514,0.0,0.0,12.0,2.0,2.0,1.0,1.0,1.0,0.0,1.0
3.0,77.83333333,0.0,0.0,26.0,812.1047619,0.021428571,0.038095238,0.0,0.0,11.0,1.0,2.0,3.0,2.0,0.0,0.0,1.0
1.0,15.2,1.0,13.0,39.0,1706.119697,0.010365854,0.030371661,5.251288882,0.0,6.0,2.0,2.0,2.0,2.0,1.0,0.0,1.0
0.0,0.0,0.0,0.0,1.0,0.0,0.2,0.2,0.0,0.0,12.0,3.0,2.0,6.0,1.0,0.0,0.0,1.0
1.0,15.2,0.0,0.0,19.0,348.6,0.0,0.005555556,0.0,0.0,8.0,2.0,2.0,7.0,3.0,0.0,0.0,1.0
5.0,266.0,0.0,0.0,29.0,730.35,0.006060606,0.026262626,32.91300914,0.0,11.0,4.0,1.0,8.0,1.0,0.0,0.0,1.0
4.0,42.0,1.0,28.5,34.0,1367.0,0.0,0.001960784,0.0,0.0,11.0,2.0,2.0,3.0,2.0,0.0,0.0,1.0
0.0,0.0,0.0,0.0,3.0,21.0,0.0,0.066666667,0.0,0.0,11.0,2.0,2.0,7.0,3.0,0.0,0.0,1.0
0.0,0.0,0.0,0.0,6.0,192.0,0.0,0.04,0.0,0.0,3.0,2.0,10.0,4.0,3.0,0.0,0.0,1.0
3.0,123.0,0.0,0.0,8.0,371.6666667,0.0,0.011111111,0.0,0.0,3.0,3.0,2.0,4.0,2.0,0.0,1.0,0.0
2.0,29.0,0.0,0.0,61.0,1617.519048,0.013978495,0.030295699,0.0,0.0,11.0,3.0,2.0,8.0,2.0,1.0,0.0,1.0
0.0,0.0,0.0,0.0,7.0,182.0,0.028571429,0.071428571,0.0,0.0,3.0,3.0,2.0,1.0,13.0,1.0,0.0,1.0
3.0,62.14285714,0.0,0.0,23.0,1046.916667,0.0,0.004347826,17.37391304,0.0,5.0,2.0,2.0,7.0,1.0,1.0,0.0,1.0
0.0,0.0,0.0,0.0,9.0,311.7,0.0,0.055555556,0.0,0.0,6.0,2.0,2.0,4.0,13.0,0.0,0.0,1.0
0.0,0.0,0.0,0.0,8.0,190.1590909,0.05625,0.055357143,0.0,0.0,12.0,1.0,1.0,7.0,3.0,0.0,0.0,1.0
5.0,504.0,0.0,0.0,13.0,922.0833333,0.023529412,0.023529412,0.0,0.0,3.0,3.0,2.0,8.0,2.0,0.0,0.0,1.0
0.0,0.0,0.0,0.0,2.0,63.5,0.0,0.1,0.0,0.0,11.0,1.0,1.0,1.0,3.0,0.0,0.0,1.0
0.0,0.0,0.0,0.0,40.0,2046.832418,0.004166667,0.033880952,0.0,0.0,11.0,1.0,8.0,1.0,11.0,0.0,0.0,1.0
6.0,78.75,0.0,0.0,24.0,465.7321429,0.0,0.015384615,0.0,0.0,12.0,4.0,2.0,1.0,2.0,0.0,1.0,0.0
0.0,0.0,0.0,0.0,20.0,438.3333333,0.02,0.04,0.0,0.0,3.0,2.0,2.0,7.0,1.0,0.0,0.0,1.0
2.0,217.0,0.0,0.0,34.0,409.5,0.0,0.005555556,0.0,0.0,12.0,2.0,2.0,4.0,2.0,0.0,0.0,1.0
3.0,36.2,0.0,0.0,2.0,4.0,0.0,0.04,27.79373861,0.0,10.0,2.0,2.0,6.0,2.0,1.0,1.0,0.0
0.0,0.0,0.0,0.0,16.0,666.1,0.0,0.014285714,0.0,0.0,3.0,2.0,2.0,1.0,2.0,0.0,1.0,0.0
0.0,0.0,0.0,0.0,19.0,346.1333333,0.0,0.039473684,0.0,0.0,8.0,2.0,2.0,1.0,3.0,0.0,0.0,1.0
2.0,83.4,2.0,385.8,41.0,1194.988132,0.0,0.018043478,10.25950957,0.0,10.0,1.0,1.0,3.0,2.0,0.0,0.0,1.0
0.0,0.0,0.0,0.0,10.0,444.5,0.0,0.02,13.9394091,0.0,11.0,2.0,2.0,1.0,1.0,0.0,0.0,1.0
2.0,56.5,0.0,0.0,12.0,544.8333333,0.0,0.007142857,31.38886179,0.0,12.0,1.0,2.0,1.0,2.0,1.0,0.0,0.0
0.0,0.0,0.0,0.0,7.0,112.0,0.028571429,0.085714286,0.0,0.0,11.0,2.0,2.0,1.0,2.0,0.0,0.0,1.0
8.0,29.5,0.0,0.0,89.0,6770.274267,0.006315789,0.030125313,0.0,0.0,3.0,2.0,2.0,3.0,1.0,0.0,0.0,1.0
0.0,0.0,0.0,0.0,13.0,1461.416667,0.021978022,0.047163947,0.0,0.0,11.0,3.0,2.0,3.0,11.0,1.0,0.0,1.0
8.0,121.6666667,2.0,62.0,30.0,1688.72619,0.0,0.011764706,15.08488235,0.0,5.0,2.0,2.0,3.0,2.0,0.0,0.0,1.0
1.0,2.0,0.0,0.0,27.0,463.8333333,0.040740741,0.067530864,0.0,0.0,5.0,3.0,2.0,2.0,4.0,0.0,0.0,1.0
6.0,34.4,0.0,0.0,44.0,1820.566667,0.029166667,0.055555556,15.184125,0.6,5.0,2.0,2.0,4.0,6.0,0.0,0.0,1.0
0.0,0.0,0.0,0.0,1.0,0.0,0.2,0.2,0.0,0.0,3.0,2.0,2.0,1.0,1.0,0.0,0.0,1.0
0.0,0.0,0.0,0.0,3.0,283.0,0.066666667,0.133333333,0.0,0.0,5.0,2.0,2.0,3.0,4.0,0.0,0.0,1.0
1.0,0.0,2.0,9.0,44.0,814.1547619,0.0,0.023188406,0.0,0.0,11.0,4.0,2.0,1.0,10.0,0.0,0.0,1.0
7.0,237.5,1.0,0.0,37.0,1302.518056,0.005952381,0.023185941,0.0,0.0,12.0,3.0,2.0,2.0,2.0,0.0,0.0,1.0
1.0,27.2,0.0,0.0,9.0,396.0,0.0,0.02,0.0,0.0,11.0,2.0,4.0,1.0,2.0,0.0,0.0,1.0
0.0,0.0,0.0,0.0,7.0,232.6666667,0.0,0.014285714,0.0,0.0,3.0,2.0,2.0,6.0,2.0,0.0,0.0,1.0
3.0,60.0,0.0,0.0,29.0,1846.63547,0.006896552,0.040147783,0.0,0.0,5.0,3.0,2.0,8.0,6.0,0.0,0.0,1.0
3.0,98.1,2.0,28.2,130.0,4994.848002,0.019799499,0.036825949,0.0,0.0,9.0,2.0,2.0,4.0,1.0,1.0,0.0,1.0
5.0,95.1,4.0,116.8,53.0,1696.567619,0.003508772,0.017602339,0.0,0.0,10.0,2.0,2.0,5.0,2.0,0.0,0.0,1.0
9.0,162.4911765,0.0,0.0,32.0,1162.797222,0.0,0.020175439,47.99566725,0.0,11.0,1.0,2.0,1.0,8.0,0.0,0.0,1.0
9.0,779.0,0.0,0.0,15.0,1386.35,0.016666667,0.02747619,6.344631767,0.0,8.0,1.0,2.0,1.0,4.0,0.0,0.0,1.0
2.0,17.0,0.0,0.0,15.0,1349.0,0.0,0.005882353,0.0,0.0,3.0,2.0,2.0,1.0,1.0,0.0,0.0,1.0
1.0,23.0,1.0,284.0,78.0,2448.536054,0.011898734,0.02841508,0.0,0.0,12.0,2.0,2.0,3.0,10.0,0.0,0.0,1.0
1.0,17.0,0.0,0.0,12.0,321.8333333,0.015384615,0.034615385,0.0,0.4,5.0,2.0,2.0,5.0,1.0,0.0,0.0,1.0
7.0,215.2,0.0,0.0,119.0,4749.240385,0.015772358,0.031811847,1.164075388,0.8,5.0,3.0,2.0,6.0,6.0,0.0,0.0,1.0
0.0,0.0,0.0,0.0,12.0,315.7797619,0.016666667,0.025,0.0,0.0,11.0,1.0,1.0,9.0,2.0,1.0,0.0,1.0
0.0,0.0,0.0,0.0,5.0,127.5,0.04,0.06,0.0,0.0,11.0,3.0,2.0,6.0,3.0,0.0,0.0,1.0
0.0,0.0,0.0,0.0,47.0,1153.54,0.003140097,0.039979296,0.0,0.0,7.0,1.0,1.0,6.0,2.0,0.0,0.0,1.0
0.0,0.0,0.0,0.0,4.0,93.5,0.0,0.05,0.0,0.0,5.0,2.0,2.0,1.0,2.0,1.0,0.0,1.0
0.0,0.0,0.0,0.0,3.0,0.0,0.2,0.2,0.0,0.0,3.0,1.0,8.0,2.0,1.0,0.0,0.0,1.0
0.0,0.0,0.0,0.0,9.0,186.7,0.0,0.022222222,0.0,0.0,3.0,2.0,2.0,1.0,2.0,1.0,0.0,1.0
1.0,32.25,0.0,0.0,18.0,434.5833333,0.011764706,0.011764706,0.0,0.0,12.0,3.0,2.0,1.0,2.0,0.0,0.0,1.0
0.0,0.0,0.0,0.0,6.0,467.0,0.0,0.016666667,0.0,0.4,2.0,1.0,1.0,3.0,3.0,0.0,0.0,1.0
0.0,0.0,0.0,0.0,24.0,1483.333333,0.008333333,0.026388889,0.0,0.4,5.0,2.0,4.0,2.0,3.0,0.0,0.0,1.0
2.0,58.4,0.0,0.0,84.0,3528.69125,0.01577381,0.039900794,0.0,0.0,6.0,2.0,2.0,1.0,1.0,0.0,0.0,1.0
3.0,102.8,0.0,0.0,25.0,1109.233333,0.0,0.001666667,61.30486592,0.0,8.0,2.0,2.0,6.0,5.0,0.0,1.0,0.0
1.0,17.0,0.0,0.0,21.0,602.9166667,0.026666667,0.0425,0.0,0.0,11.0,3.0,2.0,1.0,13.0,0.0,0.0,1.0
2.0,74.0,0.0,0.0,30.0,1708.083333,0.006666667,0.013333333,16.1892,0.0,5.0,2.0,2.0,7.0,1.0,1.0,0.0,1.0
0.0,0.0,0.0,0.0,8.0,121.375,0.0,0.025,0.0,0.0,12.0,3.0,2.0,4.0,2.0,0.0,1.0,0.0
1.0,28.2,1.0,37.3,7.0,70.46666667,0.058333333,0.086904762,0.0,0.0,10.0,2.0,2.0,1.0,20.0,0.0,0.0,1.0
0.0,0.0,1.0,41.0,45.0,1754.0,0.0,0.014534161,7.880478261,0.0,5.0,3.0,2.0,3.0,6.0,1.0,0.0,1.0
3.0,48.0,1.0,58.5,35.0,1698.0,0.005714286,0.005714286,93.52994426,0.0,11.0,4.0,1.0,1.0,2.0,1.0,0.0,1.0
6.0,253.0,0.0,0.0,21.0,686.4,0.003846154,0.012179487,0.0,0.0,3.0,1.0,1.0,3.0,3.0,0.0,0.0,1.0
0.0,0.0,2.0,5.0,5.0,122.4,0.028571429,0.042857143,0.0,0.0,7.0,3.0,2.0,2.0,4.0,1.0,0.0,1.0
3.0,318.2,0.0,0.0,7.0,414.8666667,0.0,0.01,0.0,0.0,11.0,1.0,1.0,6.0,2.0,0.0,0.0,1.0
0.0,0.0,0.0,0.0,1.0,27.2,0.0,0.0,58.37208988,0.0,11.0,2.0,2.0,4.0,20.0,0.0,0.0,1.0
0.0,0.0,0.0,0.0,6.0,1057.0,0.0,0.033333333,0.0,0.0,3.0,2.0,4.0,4.0,1.0,0.0,0.0,1.0
1.0,10.0,0.0,0.0,39.0,1152.5,0.011965812,0.017802198,0.0,0.0,3.0,3.0,2.0,1.0,3.0,0.0,0.0,1.0
0.0,0.0,0.0,0.0,27.0,892.9679487,0.014814815,0.022751323,0.0,0.0,12.0,2.0,2.0,3.0,2.0,1.0,0.0,1.0
0.0,0.0,0.0,0.0,54.0,4749.25,0.004938272,0.029938272,8.285119366,0.0,10.0,2.0,2.0,8.0,1.0,1.0,0.0,1.0
0.0,0.0,0.0,0.0,24.0,1762.25,0.008333333,0.016666667,0.0,0.0,3.0,2.0,2.0,2.0,1.0,0.0,0.0,1.0
6.0,72.04,2.0,206.6,24.0,709.4333333,0.007142857,0.016666667,15.70942935,0.0,8.0,2.0,2.0,2.0,2.0,0.0,0.0,1.0
0.0,0.0,0.0,0.0,13.0,334.75,0.0,0.030769231,0.0,0.0,11.0,2.0,2.0,1.0,2.0,0.0,0.0,1.0
1.0,0.0,0.0,0.0,3.0,321.5,0.05,0.1,0.0,0.0,3.0,3.0,2.0,2.0,1.0,0.0,0.0,1.0
0.0,0.0,0.0,0.0,1.0,0.0,0.2,0.2,0.0,0.2,2.0,3.0,2.0,3.0,3.0,0.0,0.0,1.0
0.0,0.0,0.0,0.0,12.0,234.0,0.015384615,0.053846154,0.0,0.0,5.0,2.0,2.0,4.0,14.0,1.0,0.0,1.0
0.0,0.0,0.0,0.0,5.0,186.5,0.0,0.04,0.0,0.0,11.0,2.0,2.0,1.0,2.0,0.0,0.0,1.0
2.0,29.5,0.0,0.0,36.0,1653.395833,0.005555556,0.022839506,68.25041784,0.0,12.0,3.0,2.0,1.0,2.0,0.0,0.0,1.0
1.0,45.4,0.0,0.0,60.0,2580.634935,0.0,0.009442743,0.0,0.0,10.0,1.0,1.0,1.0,2.0,0.0,0.0,1.0
0.0,0.0,0.0,0.0,12.0,231.75,0.0,0.016666667,0.0,0.0,11.0,1.0,1.0,2.0,1.0,0.0,0.0,1.0
6.0,331.25,3.0,365.25,6.0,267.0,0.0,0.021428571,0.0,0.0,12.0,1.0,2.0,7.0,3.0,1.0,0.0,1.0
2.0,11.0,0.0,0.0,14.0,101.25,0.0,0.014285714,0.0,0.8,5.0,2.0,2.0,3.0,2.0,0.0,0.0,1.0
1.0,0.0,0.0,0.0,32.0,1493.958333,0.0,0.020967742,0.0,0.0,11.0,2.0,2.0,2.0,1.0,1.0,0.0,1.0
1.0,10.0,1.0,342.5,55.0,3165.958333,0.005660377,0.032620545,0.0,0.0,12.0,2.0,2.0,3.0,1.0,1.0,0.0,1.0
0.0,0.0,1.0,17.75,65.0,6203.690476,0.007395833,0.027280668,0.0,0.0,12.0,2.0,1.0,1.0,2.0,0.0,0.0,1.0
0.0,0.0,0.0,0.0,5.0,36.0,0.066666667,0.1,0.0,0.0,5.0,2.0,5.0,3.0,6.0,0.0,0.0,1.0
1.0,38.0,1.0,16.0,30.0,1522.816667,0.026666667,0.027333333,0.0,0.0,5.0,3.0,2.0,2.0,13.0,0.0,0.0,1.0
0.0,0.0,0.0,0.0,19.0,688.6666667,0.042105263,0.052631579,0.0,0.4,5.0,2.0,2.0,6.0,4.0,0.0,0.0,1.0
7.0,194.4,0.0,0.0,5.0,46.2,0.0125,0.0375,0.0,0.0,7.0,2.0,2.0,4.0,5.0,0.0,1.0,0.0
0.0,0.0,0.0,0.0,4.0,108.0,0.0,0.05,0.0,0.8,5.0,3.0,2.0,3.0,2.0,0.0,0.0,1.0
10.0,302.0833333,0.0,0.0,81.0,1778.663263,0.0,0.002857143,16.43784656,0.0,11.0,1.0,1.0,1.0,8.0,1.0,1.0,0.0
7.0,322.25,1.0,0.0,121.0,4875.106113,0.011806061,0.020025438,0.0,0.0,11.0,3.0,2.0,1.0,13.0,0.0,0.0,1.0
2.0,47.5,0.0,0.0,5.0,116.5,0.0,0.005714286,0.0,0.0,3.0,3.0,2.0,5.0,2.0,1.0,0.0,1.0
0.0,0.0,1.0,14.0,104.0,7181.877778,0.008843537,0.023737786,0.0,0.0,11.0,2.0,2.0,1.0,2.0,0.0,0.0,1.0
4.0,80.0,0.0,0.0,79.0,3855.2,0.012345679,0.028765432,0.0,0.6,5.0,3.0,2.0,3.0,4.0,0.0,0.0,1.0
1.0,116.0,0.0,0.0,22.0,1245.6,0.008695652,0.030434783,27.81913043,0.0,5.0,1.0,1.0,3.0,4.0,1.0,0.0,1.0
3.0,41.0,0.0,0.0,46.0,2749.666667,0.0,0.005555556,0.0,0.0,3.0,2.0,2.0,1.0,2.0,0.0,0.0,1.0
2.0,17.0,0.0,0.0,6.0,35.2,0.025,0.075,0.0,0.0,8.0,2.0,2.0,7.0,1.0,0.0,0.0,1.0
0.0,0.0,0.0,0.0,2.0,64.4,0.0,0.1,0.0,0.0,8.0,3.0,2.0,6.0,20.0,0.0,0.0,1.0
0.0,0.0,0.0,0.0,15.0,264.0833333,0.0,0.02,0.0,0.0,11.0,2.0,2.0,2.0,1.0,0.0,0.0,1.0
0.0,0.0,0.0,0.0,112.0,6673.291392,0.0,0.008744589,5.468093499,0.0,11.0,2.0,4.0,1.0,3.0,0.0,0.0,1.0
1.0,108.8,0.0,0.0,15.0,387.4,0.0,0.004166667,0.0,0.0,6.0,2.0,2.0,1.0,2.0,0.0,1.0,0.0
3.0,27.53333333,1.0,0.0,45.0,3141.258333,0.02173913,0.040017253,6.673695652,1.0,5.0,3.0,2.0,1.0,3.0,1.0,0.0,1.0
0.0,0.0,0.0,0.0,1.0,0.0,0.2,0.2,0.0,0.0,11.0,3.0,2.0,7.0,13.0,0.0,0.0,1.0
0.0,0.0,0.0,0.0,11.0,205.75,0.018181818,0.036363636,0.0,0.0,12.0,4.0,1.0,8.0,2.0,0.0,0.0,1.0
0.0,0.0,2.0,19.0,65.0,2163.132326,0.0,0.011780384,0.0,0.0,11.0,2.0,2.0,8.0,2.0,0.0,1.0,0.0
4.0,103.8,0.0,0.0,14.0,314.2933333,0.0,0.013333333,79.44353446,0.0,7.0,2.0,2.0,5.0,2.0,0.0,1.0,0.0
20.0,1307.675,3.0,132.6666667,517.0,27009.85943,0.004385217,0.014593571,8.4031637,0.0,11.0,1.0,1.0,1.0,2.0,0.0,0.0,1.0
0.0,0.0,0.0,0.0,2.0,49.0,0.0,0.1,0.0,0.0,5.0,2.0,4.0,5.0,1.0,0.0,0.0,1.0
0.0,0.0,0.0,0.0,15.0,872.8333333,0.0,0.026666667,0.0,0.0,3.0,2.0,2.0,2.0,3.0,1.0,0.0,1.0
5.0,109.4,4.0,93.6,10.0,427.0666667,0.0,0.003125,0.0,0.0,11.0,3.0,2.0,2.0,6.0,0.0,0.0,1.0
0.0,0.0,0.0,0.0,6.0,162.5,0.0,0.033333333,0.0,0.0,5.0,2.0,2.0,1.0,1.0,0.0,0.0,1.0
0.0,0.0,0.0,0.0,20.0,480.8571429,0.001754386,0.005789474,0.0,1.0,5.0,1.0,8.0,1.0,19.0,1.0,0.0,1.0
2.0,149.2,0.0,0.0,3.0,133.7333333,0.0,0.04,0.0,0.0,10.0,3.0,2.0,6.0,20.0,0.0,1.0,0.0
0.0,0.0,0.0,0.0,2.0,9.0,0.0,0.1,0.0,0.0,5.0,2.0,2.0,2.0,3.0,0.0,0.0,1.0
0.0,0.0,0.0,0.0,12.0,260.0,0.05,0.083333333,0.0,0.6,5.0,1.0,1.0,7.0,1.0,0.0,0.0,1.0
3.0,138.0,2.0,136.0,54.0,2631.1,0.0,0.00969697,0.0,0.0,3.0,1.0,2.0,1.0,2.0,0.0,0.0,1.0
2.0,74.5,0.0,0.0,22.0,432.5714286,0.0,0.00125,0.0,0.0,5.0,1.0,1.0,7.0,4.0,0.0,0.0,1.0
0.0,0.0,0.0,0.0,4.0,44.0,0.05,0.1,0.0,0.0,3.0,2.0,2.0,9.0,10.0,0.0,0.0,1.0
3.0,73.0,0.0,0.0,9.0,2151.0,0.0,0.018181818,10.91300022,0.0,3.0,2.0,5.0,1.0,1.0,0.0,0.0,1.0
0.0,0.0,0.0,0.0,10.0,253.25,0.0,0.02,0.0,0.0,12.0,3.0,2.0,1.0,10.0,0.0,0.0,1.0
2.0,8.5,0.0,0.0,3.0,25.5,0.0,0.028571429,0.0,0.0,5.0,2.0,2.0,5.0,4.0,0.0,0.0,1.0
4.0,192.5714286,8.0,1193.125,146.0,8150.556716,0.001290323,0.01127957,1.842913617,0.0,11.0,2.0,4.0,4.0,2.0,1.0,0.0,1.0
5.0,55.5,0.0,0.0,4.0,24.5,0.022222222,0.037037037,0.0,1.0,5.0,3.0,2.0,6.0,3.0,1.0,0.0,1.0
0.0,0.0,0.0,0.0,1.0,61.0,0.0,0.1,0.0,0.0,3.0,3.0,2.0,4.0,15.0,1.0,0.0,1.0
0.0,0.0,0.0,0.0,5.0,234.9666667,0.0,0.033333333,0.0,0.0,5.0,3.0,2.0,1.0,13.0,0.0,0.0,1.0
6.0,243.75,0.0,0.0,8.0,171.25,0.038888889,0.067222222,0.0,0.0,12.0,3.0,2.0,3.0,1.0,0.0,0.0,1.0
0.0,0.0,0.0,0.0,38.0,1593.583333,0.0,0.010526316,0.0,0.0,11.0,2.0,2.0,2.0,1.0,0.0,0.0,1.0
0.0,0.0,0.0,0.0,74.0,3109.404167,0.009459459,0.042859175,0.0,0.0,11.0,2.0,2.0,1.0,2.0,0.0,0.0,1.0
0.0,0.0,0.0,0.0,19.0,528.25,0.0,0.005263158,0.0,0.0,9.0,2.0,2.0,5.0,2.0,0.0,0.0,1.0
0.0,0.0,0.0,0.0,2.0,0.0,0.2,0.2,0.0,0.0,5.0,1.0,1.0,3.0,11.0,1.0,0.0,1.0
6.0,571.5,0.0,0.0,49.0,1196.25,0.007843137,0.018954248,0.0,0.0,12.0,2.0,2.0,3.0,13.0,1.0,0.0,1.0
0.0,0.0,0.0,0.0,11.0,185.0,0.0,0.054545455,0.0,0.6,5.0,2.0,2.0,1.0,6.0,0.0,0.0,1.0
4.0,47.0,0.0,0.0,29.0,5198.533333,0.0,0.019892473,0.0,0.0,5.0,2.0,4.0,2.0,2.0,0.0,0.0,1.0
5.0,104.875,0.0,0.0,39.0,805.625,0.0,0.020905923,2.217029402,0.0,12.0,2.0,2.0,2.0,2.0,0.0,0.0,1.0
1.0,54.5,0.0,0.0,26.0,449.25,0.0,0.022222222,0.0,0.0,12.0,4.0,2.0,3.0,2.0,0.0,0.0,1.0
0.0,0.0,0.0,0.0,7.0,238.9333333,0.0,0.014285714,0.0,0.0,9.0,2.0,2.0,4.0,2.0,0.0,0.0,1.0
0.0,0.0,0.0,0.0,1.0,0.0,0.2,0.2,0.0,0.0,3.0,3.0,2.0,3.0,1.0,1.0,0.0,1.0
6.0,153.275,3.0,394.0,25.0,599.1,0.013333333,0.030151515,22.3392,0.0,5.0,1.0,1.0,3.0,4.0,1.0,0.0,1.0
8.0,102.0,0.0,0.0,83.0,1495.580952,0.0,0.002298851,82.12367816,0.0,5.0,4.0,1.0,7.0,4.0,1.0,1.0,0.0
1.0,22.0,0.0,0.0,26.0,982.8333333,0.0,0.008,0.0,0.0,5.0,2.0,2.0,1.0,1.0,1.0,1.0,0.0
0.0,0.0,0.0,0.0,10.0,231.0,0.12,0.14,0.0,0.0,5.0,3.0,2.0,2.0,13.0,0.0,0.0,1.0
0.0,0.0,0.0,0.0,11.0,326.5,0.036363636,0.077272727,0.0,0.0,11.0,1.0,1.0,4.0,3.0,0.0,0.0,1.0
8.0,822.6666667,3.0,225.3333333,45.0,1896.966667,0.011764706,0.02745098,7.521155028,0.0,12.0,1.0,1.0,3.0,1.0,0.0,0.0,1.0
2.0,32.5,0.0,0.0,19.0,423.8166667,0.005952381,0.039104938,0.0,0.0,3.0,3.0,2.0,1.0,3.0,0.0,0.0,1.0
4.0,19.8,0.0,0.0,2.0,10.0,0.0125,0.034166667,0.0,0.0,9.0,1.0,1.0,6.0,5.0,1.0,1.0,0.0
0.0,0.0,0.0,0.0,22.0,1632.533333,0.009090909,0.025,0.0,0.0,12.0,3.0,2.0,1.0,2.0,1.0,1.0,0.0
5.0,494.1666667,0.0,0.0,8.0,204.0,0.0,0.030769231,0.0,0.0,3.0,2.0,4.0,4.0,1.0,0.0,0.0,1.0
0.0,0.0,0.0,0.0,12.0,425.1666667,0.0,0.016666667,0.0,0.0,3.0,1.0,1.0,6.0,10.0,0.0,0.0,1.0
0.0,0.0,0.0,0.0,21.0,979.0166667,0.0,0.021,0.0,0.0,5.0,2.0,2.0,1.0,4.0,0.0,0.0,1.0
0.0,0.0,0.0,0.0,27.0,954.6666667,0.0,0.003846154,0.0,0.0,3.0,2.0,2.0,1.0,2.0,0.0,0.0,1.0
4.0,229.25,0.0,0.0,8.0,372.25,0.022222222,0.00952381,0.0,0.0,12.0,1.0,2.0,1.0,8.0,0.0,0.0,1.0
0.0,0.0,0.0,0.0,1.0,0.0,0.2,0.2,0.0,0.0,3.0,2.0,2.0,1.0,1.0,0.0,0.0,1.0
0.0,0.0,0.0,0.0,15.0,789.6666667,0.0,0.014285714,14.55428571,0.0,5.0,2.0,2.0,3.0,2.0,0.0,0.0,1.0
2.0,40.9,0.0,0.0,9.0,437.4,0.018181818,0.027272727,0.0,0.0,7.0,3.0,2.0,1.0,5.0,1.0,0.0,1.0
0.0,0.0,0.0,0.0,19.0,215.75,0.0,0.021052632,0.0,0.0,3.0,2.0,2.0,3.0,10.0,0.0,0.0,1.0
12.0,152.75,6.0,1024.25,127.0,3247.644636,0.008844998,0.017025608,33.85339122,0.0,11.0,3.0,1.0,1.0,2.0,1.0,0.0,1.0
7.0,51.0,3.0,222.0,21.0,654.5,0.0,0.007142857,0.0,0.0,5.0,2.0,2.0,1.0,4.0,0.0,1.0,0.0
0.0,0.0,0.0,0.0,11.0,382.25,0.018181818,0.063636364,0.0,0.0,12.0,2.0,2.0,3.0,2.0,0.0,0.0,1.0
0.0,0.0,0.0,0.0,2.0,41.5,0.1,0.1,0.0,0.0,12.0,1.0,1.0,3.0,1.0,1.0,0.0,1.0
3.0,90.0,0.0,0.0,4.0,126.0,0.0,0.014285714,0.0,0.0,5.0,2.0,2.0,6.0,5.0,0.0,1.0,0.0
5.0,69.5,0.0,0.0,4.0,34.5,0.0,0.026666667,0.0,0.0,5.0,2.0,2.0,3.0,4.0,1.0,0.0,1.0
5.0,48.97619048,1.0,65.0,40.0,1159.5671,0.0,0.016324111,12.48912129,0.0,12.0,1.0,1.0,4.0,2.0,1.0,0.0,1.0
0.0,0.0,0.0,0.0,3.0,55.0,0.066666667,0.1,0.0,0.0,3.0,3.0,2.0,3.0,3.0,0.0,0.0,1.0
0.0,0.0,0.0,0.0,1.0,0.0,0.2,0.2,0.0,0.0,5.0,2.0,2.0,8.0,3.0,0.0,0.0,1.0
0.0,0.0,0.0,0.0,18.0,328.3214286,0.0,0.004419192,0.0,0.2,5.0,3.0,2.0,3.0,6.0,0.0,0.0,1.0
6.0,91.75,0.0,0.0,11.0,380.6666667,0.0,0.005128205,0.0,0.0,12.0,2.0,2.0,1.0,2.0,1.0,0.0,1.0
1.0,9.1,0.0,0.0,9.0,115.6,0.0,0.04,0.0,0.0,10.0,2.0,5.0,2.0,3.0,0.0,0.0,1.0
0.0,0.0,0.0,0.0,4.0,50.0,0.0,0.075,0.0,0.0,5.0,2.0,2.0,8.0,4.0,0.0,0.0,1.0
4.0,70.25,1.0,139.5,58.0,3022.370406,0.0,0.009611111,0.0,0.0,11.0,1.0,1.0,2.0,2.0,0.0,1.0,0.0
8.0,82.85,0.0,0.0,84.0,2289.079157,0.002556818,0.013110506,0.0,0.0,6.0,1.0,1.0,7.0,3.0,0.0,0.0,1.0
11.0,210.8555556,0.0,0.0,149.0,4107.119658,0.006369427,0.013305319,0.513385987,0.6,5.0,1.0,1.0,3.0,1.0,0.0,0.0,1.0
0.0,0.0,0.0,0.0,2.0,0.0,0.2,0.2,0.0,0.0,2.0,3.0,3.0,1.0,3.0,0.0,0.0,1.0
7.0,150.375,0.0,0.0,7.0,219.5833333,0.0,0.018181818,0.0,0.0,12.0,1.0,1.0,1.0,2.0,1.0,0.0,1.0
0.0,0.0,0.0,0.0,20.0,1002.366667,0.0,0.007894737,47.57898514,0.0,10.0,2.0,2.0,4.0,2.0,1.0,0.0,1.0
0.0,0.0,0.0,0.0,10.0,122.8,0.11,0.133333333,0.0,0.0,7.0,3.0,2.0,3.0,13.0,0.0,0.0,1.0
11.0,211.0333333,3.0,173.2333333,62.0,1340.676667,0.000391389,0.019726027,17.42324027,0.0,8.0,2.0,2.0,7.0,2.0,0.0,0.0,1.0
0.0,0.0,0.0,0.0,4.0,63.0,0.0,0.05,0.0,0.2,2.0,2.0,6.0,1.0,3.0,0.0,0.0,1.0
14.0,2137.112745,0.0,0.0,53.0,4223.409838,0.00877193,0.017126354,8.886648533,0.0,11.0,3.0,2.0,2.0,2.0,0.0,0.0,1.0
0.0,0.0,0.0,0.0,19.0,866.3333333,0.0,0.025,14.58941181,0.0,12.0,2.0,4.0,3.0,2.0,1.0,0.0,1.0
1.0,65.5,0.0,0.0,2.0,99.0,0.033333333,0.066666667,0.0,0.0,11.0,4.0,2.0,1.0,8.0,1.0,1.0,0.0
0.0,0.0,0.0,0.0,15.0,296.0,0.0,0.04,0.0,0.0,3.0,2.0,5.0,2.0,3.0,0.0,0.0,1.0
0.0,0.0,0.0,0.0,3.0,34.2,0.066666667,0.1,0.0,0.0,10.0,3.0,2.0,5.0,13.0,0.0,0.0,1.0
0.0,0.0,0.0,0.0,34.0,311.5,0.0,0.011764706,0.0,0.0,3.0,2.0,2.0,4.0,1.0,0.0,0.0,1.0
0.0,0.0,0.0,0.0,6.0,330.0,0.066666667,0.1,0.0,0.0,3.0,3.0,2.0,8.0,10.0,0.0,0.0,1.0
0.0,0.0,0.0,0.0,14.0,404.3392857,0.0,0.033333333,0.0,0.0,12.0,1.0,8.0,3.0,20.0,1.0,0.0,1.0
2.0,23.0,0.0,0.0,97.0,1589.183333,0.008070175,0.014967419,0.0,0.0,5.0,2.0,5.0,1.0,3.0,0.0,0.0,1.0
0.0,0.0,0.0,0.0,36.0,319.5,0.047777778,0.088888889,0.0,0.0,5.0,2.0,2.0,3.0,1.0,0.0,0.0,1.0
4.0,33.0,0.0,0.0,35.0,702.9166667,0.0,0.005428571,0.0,0.0,12.0,4.0,1.0,1.0,2.0,0.0,1.0,0.0
0.0,0.0,0.0,0.0,15.0,150.4,0.0,0.013333333,0.0,0.0,11.0,2.0,2.0,7.0,20.0,0.0,0.0,1.0
10.0,128.1142857,0.0,0.0,43.0,811.3809524,0.006122449,0.026328773,14.92797811,0.0,10.0,2.0,2.0,5.0,2.0,0.0,0.0,1.0
0.0,0.0,0.0,0.0,1.0,0.0,0.2,0.2,0.0,0.0,5.0,3.0,3.0,1.0,1.0,0.0,0.0,1.0
3.0,62.0,2.0,193.0,4.0,139.0,0.0,0.0125,0.0,0.0,3.0,3.0,2.0,1.0,10.0,0.0,0.0,1.0
3.0,60.16666667,0.0,0.0,14.0,2322.866667,0.011764706,0.028431373,0.0,0.0,6.0,2.0,2.0,2.0,1.0,0.0,0.0,1.0
0.0,0.0,0.0,0.0,8.0,444.6333333,0.0,0.025,0.0,0.0,11.0,2.0,4.0,1.0,10.0,0.0,0.0,1.0
0.0,0.0,0.0,0.0,24.0,409.3030303,0.008333333,0.023611111,0.0,0.6,5.0,3.0,2.0,3.0,3.0,0.0,0.0,1.0
3.0,66.5,3.0,65.75,152.0,3684.321458,0.005194805,0.010451453,12.64606692,0.0,11.0,2.0,2.0,1.0,2.0,0.0,0.0,1.0
0.0,0.0,0.0,0.0,2.0,49.0,0.0,0.1,0.0,0.0,3.0,2.0,2.0,1.0,3.0,1.0,0.0,1.0
0.0,0.0,0.0,0.0,21.0,882.75,0.0,0.020408163,0.0,0.0,12.0,2.0,2.0,2.0,2.0,1.0,1.0,0.0
2.0,24.2,0.0,0.0,8.0,530.0,0.0,0.044444444,0.0,0.0,8.0,1.0,8.0,1.0,2.0,0.0,0.0,1.0
5.0,69.33333333,1.0,0.0,5.0,142.0,0.0,0.022222222,0.0,0.0,3.0,2.0,2.0,3.0,2.0,0.0,1.0,0.0
2.0,191.0,1.0,100.0,46.0,2452.582143,0.007246377,0.022253906,0.0,0.0,3.0,3.0,2.0,9.0,3.0,1.0,0.0,1.0
0.0,0.0,0.0,0.0,1.0,0.0,0.2,0.2,0.0,0.0,12.0,2.0,2.0,1.0,1.0,1.0,0.0,1.0
4.0,22.5,0.0,0.0,15.0,362.6333333,0.028571429,0.039285714,0.0,0.0,12.0,3.0,2.0,2.0,3.0,0.0,0.0,1.0
0.0,0.0,0.0,0.0,25.0,1225.857143,0.012,0.040977778,0.0,0.4,5.0,2.0,2.0,5.0,2.0,0.0,0.0,1.0
2.0,95.0,0.0,0.0,10.0,203.4166667,0.0,0.016666667,0.0,0.0,5.0,2.0,2.0,3.0,2.0,1.0,0.0,1.0
0.0,0.0,0.0,0.0,7.0,1721.666667,0.038095238,0.038571429,0.0,0.0,11.0,1.0,1.0,3.0,3.0,0.0,0.0,1.0
5.0,587.0,0.0,0.0,125.0,4639.410534,0.012433862,0.023856765,0.0,0.6,5.0,3.0,2.0,1.0,4.0,0.0,0.0,1.0
0.0,0.0,0.0,0.0,3.0,159.0,0.0,0.033333333,0.0,0.0,12.0,1.0,1.0,1.0,1.0,0.0,0.0,1.0
1.0,5.066666667,0.0,0.0,32.0,441.6045455,0.0,0.00625,0.0,0.0,9.0,2.0,2.0,6.0,3.0,0.0,1.0,0.0
0.0,0.0,0.0,0.0,19.0,725.3333333,0.010526316,0.023157895,0.0,0.0,5.0,2.0,2.0,3.0,4.0,0.0,0.0,1.0
0.0,0.0,0.0,0.0,10.0,174.0833333,0.06,0.07,0.0,0.0,11.0,2.0,2.0,9.0,1.0,1.0,0.0,1.0
0.0,0.0,0.0,0.0,10.0,348.25,0.02,0.024,0.0,0.0,11.0,2.0,2.0,4.0,13.0,0.0,0.0,1.0
0.0,0.0,0.0,0.0,38.0,1338.778571,0.011111111,0.024532828,0.0,0.0,11.0,1.0,1.0,1.0,3.0,1.0,0.0,1.0
5.0,52.0,0.0,0.0,16.0,866.5,0.0,0.011764706,0.0,0.0,5.0,2.0,2.0,1.0,2.0,0.0,0.0,1.0
4.0,99.0,3.0,112.25,46.0,930.0141026,0.001960784,0.016470588,0.0,0.0,11.0,1.0,1.0,3.0,10.0,0.0,0.0,1.0
0.0,0.0,0.0,0.0,2.0,0.0,0.2,0.2,0.0,0.0,10.0,3.0,2.0,1.0,1.0,1.0,0.0,1.0
3.0,12.0,1.0,24.0,3.0,5.333333333,0.033333333,0.083333333,0.0,0.0,3.0,2.0,2.0,1.0,3.0,0.0,0.0,1.0
2.0,229.5,2.0,29.75,8.0,212.75,0.0,0.025,0.0,0.0,12.0,3.0,2.0,3.0,2.0,0.0,1.0,0.0
4.0,195.5,0.0,0.0,31.0,1028.533333,0.018181818,0.031313131,77.66478213,0.0,11.0,3.0,2.0,1.0,13.0,0.0,0.0,1.0
6.0,103.9,3.0,50.2,9.0,1759.066667,0.011764706,0.024705882,0.0,0.0,9.0,1.0,1.0,7.0,5.0,0.0,0.0,1.0
0.0,0.0,0.0,0.0,89.0,2924.432937,0.006741573,0.024478493,0.0,0.0,11.0,2.0,2.0,1.0,10.0,0.0,0.0,1.0
1.0,0.0,0.0,0.0,41.0,1202.904762,0.011529933,0.033252033,0.0,0.0,3.0,2.0,2.0,2.0,13.0,0.0,0.0,1.0
0.0,0.0,0.0,0.0,8.0,219.0,0.0,0.025,0.0,0.0,12.0,2.0,5.0,3.0,2.0,0.0,0.0,1.0
3.0,258.0,2.0,34.625,25.0,1364.8125,0.029761905,0.035714286,3.18693501,0.0,12.0,1.0,1.0,3.0,10.0,1.0,0.0,1.0
2.0,87.0,0.0,0.0,20.0,918.0833333,0.0075,0.010666667,0.0,0.0,5.0,1.0,1.0,2.0,2.0,0.0,0.0,1.0
0.0,0.0,0.0,0.0,84.0,1460.256115,0.004703833,0.013205032,0.0,0.0,11.0,1.0,1.0,1.0,2.0,1.0,0.0,1.0
0.0,0.0,0.0,0.0,9.0,122.0,0.088888889,0.108333333,0.0,0.0,11.0,1.0,1.0,5.0,1.0,0.0,0.0,1.0
1.0,53.9,0.0,0.0,34.0,422.5230769,0.0,0.006015038,36.31643173,0.0,9.0,1.0,1.0,2.0,2.0,0.0,0.0,1.0
2.0,172.0,0.0,0.0,61.0,3374.916667,0.001111111,0.021388889,0.0,0.0,5.0,2.0,2.0,2.0,1.0,0.0,0.0,1.0
1.0,0.0,0.0,0.0,7.0,37.0,0.083333333,0.108333333,0.0,0.6,5.0,1.0,1.0,2.0,4.0,0.0,0.0,1.0
0.0,0.0,0.0,0.0,20.0,504.2333333,0.01,0.021666667,0.0,0.0,3.0,3.0,2.0,1.0,1.0,0.0,0.0,1.0
5.0,118.9,4.0,380.7,4.0,188.4,0.0,0.006666667,0.0,0.0,10.0,4.0,2.0,1.0,4.0,0.0,0.0,1.0
0.0,0.0,0.0,0.0,3.0,14.0,0.0,0.066666667,0.0,0.0,3.0,4.0,1.0,3.0,3.0,0.0,0.0,1.0
1.0,13.1,0.0,0.0,111.0,4208.752099,0.003477744,0.015856149,0.0,0.0,7.0,2.0,2.0,1.0,1.0,1.0,0.0,1.0
0.0,0.0,0.0,0.0,13.0,437.25,0.069230769,0.102564103,0.0,0.0,3.0,1.0,1.0,3.0,3.0,0.0,0.0,1.0
0.0,0.0,0.0,0.0,23.0,684.5,0.02173913,0.044927536,0.0,0.8,5.0,2.0,2.0,2.0,6.0,0.0,0.0,1.0
0.0,0.0,0.0,0.0,16.0,622.0,0.0,0.0125,0.0,0.0,3.0,2.0,10.0,2.0,6.0,0.0,0.0,1.0
0.0,0.0,0.0,0.0,2.0,0.0,0.0,0.2,0.0,0.8,5.0,3.0,2.0,3.0,13.0,0.0,0.0,1.0
5.0,71.0,0.0,0.0,57.0,1422.909324,0.005263158,0.018891527,13.55041394,0.0,11.0,2.0,4.0,4.0,2.0,0.0,0.0,1.0
4.0,107.5333333,2.0,298.0,16.0,570.3333333,0.011764706,0.014705882,0.0,0.0,5.0,3.0,2.0,6.0,13.0,0.0,0.0,1.0
3.0,37.5,0.0,0.0,46.0,1804.9,0.017730496,0.039361702,0.0,0.0,5.0,2.0,2.0,3.0,6.0,0.0,0.0,1.0
2.0,104.0,1.0,136.5,12.0,977.5333333,0.0,0.015384615,0.0,0.0,12.0,2.0,2.0,1.0,2.0,0.0,0.0,1.0
0.0,0.0,0.0,0.0,2.0,17.0,0.0,0.1,0.0,0.0,11.0,1.0,1.0,1.0,2.0,0.0,1.0,0.0
1.0,20.0,0.0,0.0,283.0,9354.484111,0.003043735,0.023041703,0.0,0.0,11.0,2.0,2.0,1.0,3.0,0.0,0.0,1.0
0.0,0.0,0.0,0.0,34.0,910.2333333,0.0,0.023529412,0.0,0.0,12.0,2.0,2.0,1.0,2.0,0.0,0.0,1.0
0.0,0.0,0.0,0.0,2.0,44.0,0.0,0.1,0.0,0.0,5.0,2.0,2.0,3.0,6.0,0.0,0.0,1.0
1.0,150.5,0.0,0.0,18.0,635.3333333,0.0,0.011764706,57.5907585,0.0,11.0,2.0,2.0,1.0,2.0,1.0,1.0,0.0
0.0,0.0,0.0,0.0,4.0,68.0,0.0,0.05,0.0,0.0,5.0,2.0,2.0,1.0,6.0,0.0,0.0,1.0
0.0,0.0,0.0,0.0,24.0,743.75,0.0,0.016666667,0.0,0.0,12.0,2.0,2.0,2.0,2.0,1.0,1.0,0.0
7.0,2720.5,3.0,353.4,68.0,5943.547619,0.032236842,0.038623482,0.0,0.0,7.0,3.0,2.0,1.0,13.0,0.0,0.0,1.0
0.0,0.0,0.0,0.0,3.0,223.0,0.066666667,0.133333333,0.0,0.0,3.0,1.0,1.0,8.0,3.0,0.0,0.0,1.0
0.0,0.0,0.0,0.0,19.0,751.3333333,0.0,0.002777778,13.62630613,0.0,3.0,2.0,2.0,1.0,2.0,1.0,0.0,1.0
6.0,60.875,0.0,0.0,57.0,3671.675,0.003278689,0.027595628,0.0,0.0,11.0,2.0,2.0,1.0,2.0,0.0,0.0,1.0
3.0,204.4,0.0,0.0,4.0,117.0,0.0,0.028571429,0.0,0.0,11.0,2.0,2.0,6.0,2.0,0.0,1.0,0.0
12.0,187.775,0.0,0.0,98.0,2138.481263,0.001886792,0.017985395,0.129676893,0.0,7.0,2.0,5.0,3.0,2.0,1.0,0.0,1.0
0.0,0.0,0.0,0.0,4.0,39.95,0.0,0.05,0.0,0.0,7.0,3.0,2.0,1.0,4.0,1.0,0.0,1.0
0.0,0.0,0.0,0.0,19.0,577.5416667,0.0,0.011764706,90.9285217,0.0,11.0,2.0,2.0,1.0,2.0,0.0,0.0,1.0
0.0,0.0,0.0,0.0,1.0,0.0,0.2,0.2,0.0,0.0,12.0,1.0,2.0,3.0,1.0,0.0,0.0,1.0
2.0,47.66666667,0.0,0.0,5.0,72.33333333,0.0,0.014285714,0.0,0.0,3.0,1.0,1.0,8.0,2.0,0.0,1.0,0.0
0.0,0.0,0.0,0.0,6.0,117.5,0.0,0.033333333,0.0,0.8,2.0,1.0,1.0,1.0,3.0,1.0,0.0,1.0
0.0,0.0,0.0,0.0,3.0,117.0,0.066666667,0.1,0.0,0.0,5.0,3.0,2.0,1.0,11.0,0.0,0.0,1.0
0.0,0.0,0.0,0.0,1.0,0.0,0.2,0.2,0.0,0.0,3.0,2.0,2.0,2.0,1.0,0.0,0.0,1.0
9.0,250.2222222,5.0,343.875,82.0,5076.380556,0.0,0.010982424,28.41708136,0.0,12.0,3.0,2.0,1.0,13.0,0.0,0.0,1.0
12.0,316.55,3.0,221.0,67.0,1564.444444,0.002631579,0.022549176,1.089771303,0.0,5.0,2.0,2.0,4.0,3.0,0.0,0.0,1.0
